query_id,class,x_hex,y_hex,site_a,site_b,expected_kind,expected_status,expected_region_id
0,random,0x1.46b04fe140000p+3,0x1.ee539ff700000p+2,,,,,
1,random,0x1.780d976e40000p+3,0x1.81c0c36900000p+2,,,,,
2,random,0x1.930f753500000p+1,0x1.f721211100000p+2,,,,,
3,random,0x1.5e4c2e8c00000p-1,0x1.c33dd30e00000p+1,,,,,
4,random,0x1.c4d6480d80000p+2,0x1.6454052000000p-3,,,,,
5,random,0x1.4104686240000p+3,0x1.4248a3fa00000p+1,,,,,
6,random,0x1.3fde43d480000p+2,0x1.60ce7ced00000p+2,,,,,
7,random,0x1.e031371a80000p+2,0x1.ec94f4a300000p+2,,,,,
8,random,0x1.1420221740000p+3,0x1.4e4826be00000p+1,,,,,
9,random,0x1.e5eab8f480000p+2,0x1.60a2014a00000p+1,,,,,
10,random,0x1.9a9be1fe00000p+0,0x1.931fa8e900000p+2,,,,,
11,random,0x1.51e5c6e500000p+1,0x1.7edcf1b700000p+2,,,,,
12,random,0x1.77b18c5d40000p+3,0x1.33ac6c4e00000p+1,,,,,
13,random,0x1.3988c94d80000p+2,0x1.7ccf560200000p+1,,,,,
14,random,0x1.20332ae1c0000p+3,0x1.fadf340900000p+2,,,,,
15,random,0x1.bfb9333280000p+2,0x1.e61d910300000p+2,,,,,
16,random,0x1.aabb38b100000p+1,0x1.ec9b10da00000p+1,,,,,
17,random,0x1.73267d9480000p+2,0x1.4b2b545300000p+2,,,,,
18,random,0x1.7b82ad2d80000p+2,0x1.5a97d58f00000p+2,,,,,
19,random,0x1.58da8e1fc0000p+3,0x1.2e561a0f00000p+2,,,,,
20,random,0x1.dcd62acd80000p+2,0x1.1baa670900000p+2,,,,,
21,random,0x1.1297583000000p-3,0x1.4bcdce6900000p+2,,,,,
22,random,0x1.5f95a94ec0000p+3,0x1.21cbf4ea00000p+1,,,,,
23,random,0x1.e572994f00000p+1,0x1.eb4b25ac00000p+0,,,,,
24,random,0x1.06cacb0e00000p+0,0x1.ecb3ed0b00000p+2,,,,,
25,random,0x1.62f7722600000p+0,0x1.d901b73500000p+2,,,,,
26,random,0x1.fca2d56800000p-2,0x1.a17e3d4c00000p+0,,,,,
27,random,0x1.b248dcac80000p+2,0x1.5a47887500000p+2,,,,,
28,random,0x1.31145a3800000p-2,0x1.eeca7dc400000p+0,,,,,
29,random,0x1.2da83b2a00000p+0,0x1.9c8b120f00000p+2,,,,,
30,random,0x1.5cd75ce000000p-4,0x1.3df46d4700000p+2,,,,,
31,random,0x1.12fa2ee940000p+3,0x1.adeddb9900000p+2,,,,,
32,random,0x1.480da47dc0000p+3,0x1.a91a729b00000p+2,,,,,
33,random,0x1.e0093a0380000p+2,0x1.f248b47b00000p+2,,,,,
34,random,0x1.1a1b9b5380000p+2,0x1.b230152800000p-1,,,,,
35,random,0x1.ca46a10d00000p+1,0x1.8dbea1ed00000p+2,,,,,
36,random,0x1.7dd84137c0000p+3,0x1.513e7bd200000p+1,,,,,
37,random,0x1.2779bc7e80000p+2,0x1.c2f360d600000p+1,,,,,
38,random,0x1.d412120600000p+0,0x1.18afbee200000p+1,,,,,
39,random,0x1.db06254300000p+1,0x1.146259be00000p+1,,,,,
40,random,0x1.0c7444e380000p+2,0x1.4a19a6cb00000p+2,,,,,
41,random,0x1.3aafcade80000p+2,0x1.2069982700000p+2,,,,,
42,random,0x1.d4cdacac00000p-1,0x1.af564ec200000p+1,,,,,
43,random,0x1.97bf890300000p+1,0x1.546c26df00000p+2,,,,,
44,random,0x1.eeb84eea00000p+0,0x1.dd84767300000p+2,,,,,
45,random,0x1.01716b7d40000p+3,0x1.149bfe2d00000p+2,,,,,
46,random,0x1.02bce821c0000p+3,0x1.621334d900000p+2,,,,,
47,random,0x1.413392f100000p+1,0x1.ab19d28800000p-1,,,,,
48,random,0x1.5375b51700000p+1,0x1.ef6e2e0800000p-1,,,,,
49,random,0x1.2a5c32f040000p+3,0x1.a3956d5c00000p+0,,,,,
50,random,0x1.0bb3533080000p+2,0x1.048e314e00000p+1,,,,,
51,random,0x1.21246e3240000p+3,0x1.aec9bf1200000p+1,,,,,
52,random,0x1.5df5983940000p+3,0x1.3ca593de00000p+1,,,,,
53,random,0x1.2369b3d000000p-3,0x1.596eb4eb00000p+2,,,,,
54,random,0x1.b8d759a080000p+2,0x1.482fc71200000p+1,,,,,
55,random,0x1.d3b0f94400000p-1,0x1.78dd9a6900000p+2,,,,,
56,random,0x1.223241a740000p+3,0x1.7ede235000000p-2,,,,,
57,random,0x1.1cd232a1c0000p+3,0x1.fe8c81c800000p-1,,,,,
58,random,0x1.d3dcc25380000p+2,0x1.283689a800000p-1,,,,,
59,random,0x1.34e1530200000p+0,0x1.7ff36c8a00000p+1,,,,,
60,random,0x1.c22c85a980000p+2,0x1.77e77a4c00000p+0,,,,,
61,random,0x1.3e96781e00000p+0,0x1.f27f602e00000p+1,,,,,
62,random,0x1.91785f8600000p+0,0x1.543351b100000p+2,,,,,
63,random,0x1.2516e2c680000p+2,0x1.dcfee9dd00000p+2,,,,,
64,random,0x1.cd20ab1400000p-1,0x1.c71ab5d800000p-1,,,,,
65,random,0x1.8474dd0580000p+2,0x1.483a764300000p+2,,,,,
66,random,0x1.4d3e141340000p+3,0x1.0a9f0d8c00000p+0,,,,,
67,random,0x1.71dda84840000p+3,0x1.98eae36000000p-3,,,,,
68,random,0x1.2e00e515c0000p+3,0x1.92fed84600000p+1,,,,,
69,random,0x1.b374551f80000p+2,0x1.3d14101800000p-1,,,,,
70,random,0x1.50628404c0000p+3,0x1.06e9fb1d00000p+2,,,,,
71,random,0x1.8f7d43c900000p+1,0x1.1566794700000p+2,,,,,
72,random,0x1.909288d580000p+2,0x1.78999b0600000p+1,,,,,
73,random,0x1.65c7dd4380000p+2,0x1.fa53dba800000p-1,,,,,
74,random,0x1.49ff154d80000p+2,0x1.662aa48100000p+2,,,,,
75,random,0x1.4257c3b600000p+0,0x1.35b1895b00000p+2,,,,,
76,random,0x1.56ae8fc7c0000p+3,0x1.0d70645b00000p+2,,,,,
77,random,0x1.4f27423880000p+2,0x1.be47ed5500000p+2,,,,,
78,random,0x1.76053ffd40000p+3,0x1.db8d422100000p+2,,,,,
79,random,0x1.44a3693680000p+2,0x1.e7b6e92e00000p+1,,,,,
80,random,0x1.4c8b542880000p+2,0x1.d9da66bb00000p+2,,,,,
81,random,0x1.5e8fb4e0c0000p+3,0x1.ab50ef0700000p+2,,,,,
82,random,0x1.206856db80000p+2,0x1.84207b7000000p-2,,,,,
83,random,0x1.84b1971900000p+1,0x1.42a6301800000p-1,,,,,
84,random,0x1.2e050f6740000p+3,0x1.e476051c00000p+0,,,,,
85,random,0x1.22ddd2fc80000p+2,0x1.e667eb7d00000p+2,,,,,
86,random,0x1.225203e280000p+2,0x1.ad2ba77c00000p+0,,,,,
87,random,0x1.c19e584600000p+0,0x1.285bd29b00000p+2,,,,,
88,random,0x1.555b9cd200000p+0,0x1.6eb3ddf100000p+2,,,,,
89,random,0x1.41275c0dc0000p+3,0x1.dfcd71ca00000p+1,,,,,
90,random,0x1.af36946780000p+2,0x1.9c1178e600000p+1,,,,,
91,random,0x1.1bb4741980000p+2,0x1.5ea2c62000000p-3,,,,,
92,random,0x1.1f66664180000p+2,0x1.a685eeda00000p+1,,,,,
93,random,0x1.c75031a180000p+2,0x1.c8a7e61b00000p+2,,,,,
94,random,0x1.6fe3f717c0000p+3,0x1.9659a5fa00000p+1,,,,,
95,random,0x1.626f2e5e40000p+3,0x1.a769d41f00000p+2,,,,,
96,random,0x1.40e02d4400000p-1,0x1.6fe5e91000000p-2,,,,,
97,random,0x1.60da95b680000p+2,0x1.ddc6f9b900000p+2,,,,,
98,random,0x1.4cb195be40000p+3,0x1.c3948aee00000p+1,,,,,
99,random,0x1.04b8f37e00000p+0,0x1.efb1520b00000p+2,,,,,
100,random,0x1.c5f9b86080000p+2,0x1.86a99ea200000p+1,,,,,
101,random,0x1.5222f6f180000p+2,0x1.5f2aab8f00000p+2,,,,,
102,random,0x1.95a80b8f80000p+2,0x1.59fc543300000p+2,,,,,
103,random,0x1.1cfbbb9dc0000p+3,0x1.afe28a3e00000p+1,,,,,
104,random,0x1.0856705e80000p+2,0x1.c3e50d1300000p+2,,,,,
105,random,0x1.37f63e6bc0000p+3,0x1.f2fd22f600000p+1,,,,,
106,random,0x1.e070a5da00000p+0,0x1.433bc39d00000p+2,,,,,
107,random,0x1.0c425a3b00000p+1,0x1.a45547f400000p+0,,,,,
108,random,0x1.ec605c1480000p+2,0x1.b2b886ca00000p+1,,,,,
109,random,0x1.023bb725c0000p+3,0x1.c42ed41400000p+0,,,,,
110,random,0x1.af1b658a80000p+2,0x1.3768fa4500000p+2,,,,,
111,random,0x1.0b2902ecc0000p+3,0x1.b03738dc00000p+0,,,,,
112,random,0x1.9cecea2e80000p+2,0x1.4a04748e00000p+1,,,,,
113,random,0x1.50795b6dc0000p+3,0x1.e7c26d7300000p+2,,,,,
114,random,0x1.88b4180880000p+2,0x1.386277df00000p+2,,,,,
115,random,0x1.417d8194c0000p+3,0x1.e435d6aa00000p+1,,,,,
116,random,0x1.484b33a580000p+2,0x1.9ac53b1900000p+2,,,,,
117,random,0x1.d912f82780000p+2,0x1.e755f59b00000p+2,,,,,
118,random,0x1.0513038780000p+2,0x1.2dd5299200000p+1,,,,,
119,random,0x1.14c4c0d940000p+3,0x1.31d4c29e00000p+1,,,,,
120,random,0x1.0eebc0e6c0000p+3,0x1.6f111bf000000p-2,,,,,
121,random,0x1.517a1a8200000p+0,0x1.519c465b00000p+2,,,,,
122,random,0x1.221115cc80000p+2,0x1.0c194b1000000p-2,,,,,
123,random,0x1.6d2dc38d40000p+3,0x1.141da8af00000p+2,,,,,
124,random,0x1.64f73c0b40000p+3,0x1.c82563e200000p+1,,,,,
125,random,0x1.5fd416d980000p+2,0x1.c1a75bb100000p+2,,,,,
126,random,0x1.c1b2276000000p-4,0x1.a143b6e200000p+1,,,,,
127,random,0x1.ec0a20f300000p+1,0x1.8f84866500000p+2,,,,,
128,random,0x1.10cfcab580000p+2,0x1.b269385600000p+1,,,,,
129,random,0x1.75ce518040000p+3,0x1.2cc0d77200000p+1,,,,,
130,random,0x1.1acaaf2200000p+0,0x1.3256d1c700000p+2,,,,,
131,random,0x1.cd5f036c80000p+2,0x1.bd0956bf00000p+2,,,,,
132,random,0x1.163a39eb80000p+2,0x1.eff613e000000p-3,,,,,
133,random,0x1.10941eff00000p+1,0x1.5b4fe83500000p+2,,,,,
134,random,0x1.1216574180000p+2,0x1.1152244400000p+0,,,,,
135,random,0x1.b0604a2b00000p+1,0x1.b600c8f500000p+2,,,,,
136,random,0x1.1f04e5b000000p-3,0x1.594eda8900000p+2,,,,,
137,random,0x1.304b196880000p+2,0x1.0776dcf500000p+2,,,,,
138,random,0x1.e175be8680000p+2,0x1.4f43f13200000p+1,,,,,
139,random,0x1.83fc6b6b80000p+2,0x1.2cad42d400000p+0,,,,,
140,random,0x1.de8d63da00000p+0,0x1.9d782f9700000p+2,,,,,
141,random,0x1.f4aea15c00000p-1,0x1.689b601e00000p+1,,,,,
142,random,0x1.1d7e97a580000p+2,0x1.94f922ae00000p+1,,,,,
143,random,0x1.ec4e398580000p+2,0x1.e110e3e100000p+2,,,,,
144,random,0x1.f688343480000p+2,0x1.155e3b0b00000p+2,,,,,
145,random,0x1.f0dd14c580000p+2,0x1.fa14ab9900000p+2,,,,,
146,random,0x1.573bb49cc0000p+3,0x1.7783895000000p-2,,,,,
147,random,0x1.5137142900000p+1,0x1.e18d270700000p+2,,,,,
148,random,0x1.9bf1117380000p+2,0x1.40fa9c7d00000p+2,,,,,
149,random,0x1.aacbf3cb80000p+2,0x1.6886926200000p+1,,,,,
150,random,0x1.567258d400000p-1,0x1.5e9c51f600000p+1,,,,,
151,random,0x1.80468f1680000p+2,0x1.8f48d07600000p+1,,,,,
152,random,0x1.05e4a09b00000p+1,0x1.1c2a516700000p+2,,,,,
153,random,0x1.376b3980c0000p+3,0x1.77b4e6d600000p+1,,,,,
154,random,0x1.eb0f98cb00000p+1,0x1.64d18bf600000p+1,,,,,
155,random,0x1.af1e354280000p+2,0x1.88cadff500000p+2,,,,,
156,random,0x1.bf867d2000000p-4,0x1.f88d05fe00000p+1,,,,,
157,random,0x1.0fd1bdc840000p+3,0x1.059b2db800000p-1,,,,,
158,random,0x1.ab658cf400000p-1,0x1.15c5132500000p+2,,,,,
159,random,0x1.4ee7dfd3c0000p+3,0x1.9237087200000p+1,,,,,
160,random,0x1.60886bdd00000p+1,0x1.28ef978600000p+1,,,,,
161,random,0x1.537ef28b00000p+1,0x1.726f34cf00000p+2,,,,,
162,random,0x1.27a6edf580000p+2,0x1.196220dd00000p+2,,,,,
163,random,0x1.b3a56e6b80000p+2,0x1.c195ccad00000p+2,,,,,
164,random,0x1.70a7288a40000p+3,0x1.11fccaf000000p-2,,,,,
165,random,0x1.47e892ad40000p+3,0x1.91cbd94b00000p+2,,,,,
166,random,0x1.86b87c9880000p+2,0x1.dd9e9e0800000p-1,,,,,
167,random,0x1.608194b8c0000p+3,0x1.59c6ad6b00000p+2,,,,,
168,random,0x1.a51faaa280000p+2,0x1.29a81b0300000p+2,,,,,
169,random,0x1.933904c280000p+2,0x1.9fdfc09800000p-1,,,,,
170,random,0x1.58d36f6900000p+1,0x1.16985a3a00000p+1,,,,,
171,random,0x1.473b72d480000p+2,0x1.52fe704600000p+1,,,,,
172,random,0x1.580c68e0c0000p+3,0x1.8d74db2300000p+2,,,,,
173,random,0x1.a7b19d1d00000p+1,0x1.5bbc6c1600000p+1,,,,,
174,random,0x1.12f20960c0000p+3,0x1.7ef6d1b700000p+2,,,,,
175,random,0x1.0b68042340000p+3,0x1.e359f5dc00000p+0,,,,,
176,random,0x1.b84ec63280000p+2,0x1.0c7d4cbc00000p+0,,,,,
177,random,0x1.624f08dc80000p+2,0x1.32d6f16000000p-3,,,,,
178,random,0x1.d7ef331600000p+0,0x1.a940d2f200000p+1,,,,,
179,random,0x1.076894f4c0000p+3,0x1.6862cc4000000p-4,,,,,
180,random,0x1.563381edc0000p+3,0x1.e142321e00000p+1,,,,,
181,random,0x1.3101d0a280000p+2,0x1.5b17710000000p-6,,,,,
182,random,0x1.f17ece8c00000p-1,0x1.e48ac2cf00000p+2,,,,,
183,random,0x1.37ac18be80000p+2,0x1.67f72dad00000p+2,,,,,
184,random,0x1.8fd2eebc00000p-1,0x1.1a54431b00000p+2,,,,,
185,random,0x1.11d0be5c80000p+2,0x1.5a6f46a100000p+2,,,,,
186,random,0x1.d375246580000p+2,0x1.67dca4f000000p-2,,,,,
187,random,0x1.08324e0700000p+1,0x1.59d6d6bf00000p+2,,,,,
188,random,0x1.750e942e40000p+3,0x1.df3efeae00000p+1,,,,,
189,random,0x1.010e2d8000000p-6,0x1.cd179f0d00000p+2,,,,,
190,random,0x1.784aae5d00000p+1,0x1.2436e83f00000p+2,,,,,
191,random,0x1.1509c9b9c0000p+3,0x1.8c220abb00000p+2,,,,,
192,random,0x1.f0a66ef380000p+2,0x1.935031cb00000p+2,,,,,
193,random,0x1.a066b1e800000p-2,0x1.920aa1bc00000p+0,,,,,
194,random,0x1.0dee684e40000p+3,0x1.c6d81c7f00000p+2,,,,,
195,random,0x1.4a49bf9d80000p+2,0x1.ee77a8bd00000p+2,,,,,
196,random,0x1.0f82225e80000p+2,0x1.f510770c00000p+0,,,,,
197,random,0x1.f4c05c4580000p+2,0x1.8be937cd00000p+2,,,,,
198,random,0x1.67b86c5f40000p+3,0x1.54db257800000p-1,,,,,
199,random,0x1.71ef274840000p+3,0x1.753617de00000p+1,,,,,
200,random,0x1.5849dc5c00000p-1,0x1.8250d02e00000p+1,,,,,
201,random,0x1.70db6c2740000p+3,0x1.73d7b09d00000p+2,,,,,
202,random,0x1.c4b5343500000p+1,0x1.532903ee00000p+1,,,,,
203,random,0x1.52ae793900000p+1,0x1.acc57e7600000p+1,,,,,
204,random,0x1.7f55adff40000p+3,0x1.49482a2b00000p+2,,,,,
205,random,0x1.b70458f600000p+0,0x1.fa45fdd700000p+2,,,,,
206,random,0x1.4f8d1a4640000p+3,0x1.6fb9874e00000p+1,,,,,
207,random,0x1.aafd180080000p+2,0x1.8cd6ac8f00000p+2,,,,,
208,random,0x1.48ec77b980000p+2,0x1.69ecdb1300000p+2,,,,,
209,random,0x1.512c2d4680000p+2,0x1.307e3f5a00000p+1,,,,,
210,random,0x1.5ee9d84c40000p+3,0x1.9ac6edf800000p-1,,,,,
211,random,0x1.9426b3e280000p+2,0x1.818b337e00000p+1,,,,,
212,random,0x1.01838456c0000p+3,0x1.2e04341100000p+2,,,,,
213,random,0x1.2aee4bf040000p+3,0x1.b11ebfbd00000p+2,,,,,
214,random,0x1.7e3787d6c0000p+3,0x1.ce33f1ea00000p+1,,,,,
215,random,0x1.45dc377380000p+2,0x1.0c92fcfb00000p+2,,,,,
216,random,0x1.2625ad0540000p+3,0x1.5d62f5d200000p+1,,,,,
217,random,0x1.9e451b2880000p+2,0x1.d940d81d00000p+2,,,,,
218,random,0x1.37066847c0000p+3,0x1.967678f200000p+1,,,,,
219,random,0x1.291141f8c0000p+3,0x1.82afa5d900000p+2,,,,,
220,random,0x1.4e7290f740000p+3,0x1.7051e46600000p+1,,,,,
221,random,0x1.531ac5b0c0000p+3,0x1.f76c7f1900000p+2,,,,,
222,random,0x1.75fda1e180000p+2,0x1.f54358e000000p-3,,,,,
223,random,0x1.ac312dfd80000p+2,0x1.6f8f77c400000p+0,,,,,
224,random,0x1.fe0e664000000p-5,0x1.2c39360000000p-7,,,,,
225,random,0x1.51c5872640000p+3,0x1.79ffd0c900000p+2,,,,,
226,random,0x1.08cf00a980000p+2,0x1.9ce2f20700000p+2,,,,,
227,random,0x1.3a08f04940000p+3,0x1.17c35fb900000p+2,,,,,
228,random,0x1.1b65693d80000p+2,0x1.7a38787a00000p+1,,,,,
229,random,0x1.66559a7680000p+2,0x1.23d230c900000p+2,,,,,
230,random,0x1.c55ad1e380000p+2,0x1.06e94aad00000p+2,,,,,
231,random,0x1.42144674c0000p+3,0x1.aa963f5000000p-2,,,,,
232,random,0x1.0635145140000p+3,0x1.9195901300000p+2,,,,,
233,random,0x1.31c8165140000p+3,0x1.5692b96b00000p+2,,,,,
234,random,0x1.2524bd6dc0000p+3,0x1.97f2f6e800000p-1,,,,,
235,random,0x1.30a0859300000p+1,0x1.ade3519a00000p+1,,,,,
236,random,0x1.d52c7cbd80000p+2,0x1.d605c62f00000p+2,,,,,
237,random,0x1.ac643d6980000p+2,0x1.ba9c451c00000p+0,,,,,
238,random,0x1.1da172d840000p+3,0x1.fe21c9cd00000p+2,,,,,
239,random,0x1.11b5a1de00000p+0,0x1.4b60d53900000p+2,,,,,
240,random,0x1.d9f78fad80000p+2,0x1.03cdf1e000000p-3,,,,,
241,random,0x1.006822ca40000p+3,0x1.07c9c66500000p+2,,,,,
242,random,0x1.4fe8708fc0000p+3,0x1.0c7401d700000p+2,,,,,
243,random,0x1.c0c1011e00000p+0,0x1.b801eadf00000p+2,,,,,
244,random,0x1.48796e3a40000p+3,0x1.70842ede00000p+1,,,,,
245,random,0x1.6b227cc940000p+3,0x1.d896697000000p-2,,,,,
246,random,0x1.472ce25700000p+1,0x1.a39da0f600000p+1,,,,,
247,random,0x1.09b386d540000p+3,0x1.ab0da38c00000p+0,,,,,
248,random,0x1.836126be80000p+2,0x1.0d7a0def00000p+2,,,,,
249,random,0x1.7149187280000p+2,0x1.30af62db00000p+2,,,,,
250,random,0x1.7a91221600000p+0,0x1.3b72ce5600000p+1,,,,,
251,random,0x1.6b6e8eea00000p+0,0x1.910c1c5500000p+2,,,,,
252,random,0x1.1ee4110b40000p+3,0x1.e8156f3d00000p+2,,,,,
253,random,0x1.427adc2f00000p+1,0x1.9906cf5b00000p+2,,,,,
254,random,0x1.57057bae00000p+0,0x1.9e0ed1b900000p+2,,,,,
255,random,0x1.699d212440000p+3,0x1.da14e6b400000p+0,,,,,
256,random,0x1.7e82db43c0000p+3,0x1.45871ce400000p+0,,,,,
257,random,0x1.b8f3f2fe00000p+0,0x1.8411cfa300000p+2,,,,,
258,random,0x1.09dde712c0000p+3,0x1.e1a8bb2300000p+2,,,,,
259,random,0x1.da1bf98100000p+1,0x1.6e89717b00000p+2,,,,,
260,random,0x1.b3a3ae8600000p+0,0x1.1621c61700000p+2,,,,,
261,random,0x1.efc8cda800000p-2,0x1.513dcf7e00000p+1,,,,,
262,random,0x1.d922f1b180000p+2,0x1.d7bfb9d100000p+2,,,,,
263,random,0x1.072e303540000p+3,0x1.51f46b0900000p+2,,,,,
264,random,0x1.d503ab0680000p+2,0x1.3c4aa9f200000p+1,,,,,
265,random,0x1.1406883e00000p+0,0x1.0efca79600000p+1,,,,,
266,random,0x1.886ab51280000p+2,0x1.c736534600000p+1,,,,,
267,random,0x1.4da3168980000p+2,0x1.4203821a00000p+1,,,,,
268,random,0x1.0dd0ce4840000p+3,0x1.e0aaff2300000p+2,,,,,
269,random,0x1.199de35ec0000p+3,0x1.8e31e50600000p+1,,,,,
270,random,0x1.3912c00380000p+2,0x1.118b8b8900000p+2,,,,,
271,random,0x1.4537ad7340000p+3,0x1.30d7be0900000p+2,,,,,
272,random,0x1.2c08c262c0000p+3,0x1.a0e3417e00000p+1,,,,,
273,random,0x1.a41b5afd80000p+2,0x1.b500e94a00000p+1,,,,,
274,random,0x1.48d4513fc0000p+3,0x1.b69cacd300000p+2,,,,,
275,random,0x1.5bc7527880000p+2,0x1.b9056af600000p+1,,,,,
276,random,0x1.eeee4b6000000p-4,0x1.a8e5efc200000p+1,,,,,
277,random,0x1.f5ebf11600000p+0,0x1.64c55b5300000p+2,,,,,
278,random,0x1.7548c23e40000p+3,0x1.2c7ede9200000p+1,,,,,
279,random,0x1.6731b76840000p+3,0x1.91ad9f6b00000p+2,,,,,
280,random,0x1.18f849d940000p+3,0x1.3bb76f5900000p+2,,,,,
281,random,0x1.c161150180000p+2,0x1.13ccb1c700000p+2,,,,,
282,random,0x1.3282e7c200000p+0,0x1.ad2a27ad00000p+2,,,,,
283,random,0x1.2bca815940000p+3,0x1.24007e5200000p+1,,,,,
284,random,0x1.ca37c82500000p+1,0x1.40ba00b600000p+1,,,,,
285,random,0x1.01fa13ca40000p+3,0x1.b9b04d6800000p-1,,,,,
286,random,0x1.b5c4434e80000p+2,0x1.933beca800000p-1,,,,,
287,random,0x1.c129e32b80000p+2,0x1.67f20bd800000p-1,,,,,
288,random,0x1.a25420ee80000p+2,0x1.592221e600000p+1,,,,,
289,random,0x1.570066a7c0000p+3,0x1.d2e0f2a100000p+2,,,,,
290,random,0x1.dab965ef00000p+1,0x1.7e714a8a00000p+1,,,,,
291,random,0x1.62353d8e80000p+2,0x1.d8a00c2300000p+2,,,,,
292,random,0x1.1103f63000000p-3,0x1.6d9ded1200000p+1,,,,,
293,random,0x1.8a834ef780000p+2,0x1.16f586ed00000p+2,,,,,
294,random,0x1.9bfc0ca980000p+2,0x1.b272fae000000p-3,,,,,
295,random,0x1.29facd5a40000p+3,0x1.3ec9724000000p-4,,,,,
296,random,0x1.3fce170280000p+2,0x1.3f53a20c00000p+0,,,,,
297,random,0x1.26edb7a140000p+3,0x1.e9789f6b00000p+2,,,,,
298,random,0x1.3521988a40000p+3,0x1.3faa10e900000p+2,,,,,
299,random,0x1.4625b0c280000p+2,0x1.9500973500000p+2,,,,,
300,random,0x1.f662fad880000p+2,0x1.d052db0800000p-1,,,,,
301,random,0x1.25d2b2a680000p+2,0x1.861174b300000p+2,,,,,
302,random,0x1.abd1a48f80000p+2,0x1.0c4085c200000p+1,,,,,
303,random,0x1.0f8666c240000p+3,0x1.4923ce8e00000p+1,,,,,
304,random,0x1.75fe950040000p+3,0x1.c042f11c00000p+0,,,,,
305,random,0x1.444d375d00000p+1,0x1.77a0d47a00000p+1,,,,,
306,random,0x1.10c2c7a240000p+3,0x1.c4ab10c400000p+0,,,,,
307,random,0x1.3d6f41b0c0000p+3,0x1.1f26636700000p+2,,,,,
308,random,0x1.17a0ae9440000p+3,0x1.24c83dc400000p+0,,,,,
309,random,0x1.5f34605fc0000p+3,0x1.f7052d3a00000p+1,,,,,
310,random,0x1.a51eb50400000p-1,0x1.c835053600000p+1,,,,,
311,random,0x1.ed76b27e00000p+0,0x1.28a8a8bb00000p+2,,,,,
312,random,0x1.82ed09e800000p-2,0x1.79dccbf300000p+2,,,,,
313,random,0x1.24ca050ec0000p+3,0x1.a5cadff100000p+2,,,,,
314,random,0x1.9b6b8e4980000p+2,0x1.dfc3ad4c00000p+0,,,,,
315,random,0x1.32dee7b580000p+2,0x1.052940d500000p+2,,,,,
316,random,0x1.c91e7a8100000p+1,0x1.c02536ab00000p+2,,,,,
317,random,0x1.1641cd6040000p+3,0x1.dfe0e13d00000p+2,,,,,
318,random,0x1.d8397fdc00000p-1,0x1.de12194300000p+2,,,,,
319,random,0x1.29796e2400000p-1,0x1.710d374900000p+2,,,,,
320,random,0x1.7a23a8d3c0000p+3,0x1.c529623700000p+2,,,,,
321,random,0x1.776cab7b00000p+1,0x1.dff8c30100000p+2,,,,,
322,random,0x1.727c08eb40000p+3,0x1.0824677c00000p+0,,,,,
323,random,0x1.684eb42700000p+1,0x1.d68974e300000p+2,,,,,
324,random,0x1.42348df340000p+3,0x1.31a8368100000p+2,,,,,
325,random,0x1.39dcefa400000p-1,0x1.2fc00ba100000p+2,,,,,
326,random,0x1.06166cc640000p+3,0x1.3eb4334d00000p+2,,,,,
327,random,0x1.884b2cb900000p+1,0x1.66fff29000000p-2,,,,,
328,random,0x1.4c4fb1b280000p+2,0x1.64f9176d00000p+2,,,,,
329,random,0x1.823296f080000p+2,0x1.c8f2355400000p+0,,,,,
330,random,0x1.2b071a0ac0000p+3,0x1.0c2b07b500000p+2,,,,,
331,random,0x1.233d466c40000p+3,0x1.e978f13700000p+2,,,,,
332,random,0x1.06d31aadc0000p+3,0x1.80c5351500000p+2,,,,,
333,random,0x1.130b13a6c0000p+3,0x1.00036fa700000p+2,,,,,
334,random,0x1.69febfc4c0000p+3,0x1.fb61973900000p+2,,,,,
335,random,0x1.2e8598f940000p+3,0x1.78b5a44000000p-4,,,,,
336,random,0x1.31eff290c0000p+3,0x1.eb8245aa00000p+1,,,,,
337,random,0x1.c7ec007b80000p+2,0x1.8906cc2100000p+2,,,,,
338,random,0x1.8660e7a380000p+2,0x1.6033973300000p+2,,,,,
339,random,0x1.0a2590bdc0000p+3,0x1.b0a4e55800000p-1,,,,,
340,random,0x1.72e94da600000p+0,0x1.d85c67dd00000p+2,,,,,
341,random,0x1.4082de3840000p+3,0x1.800c37e500000p+2,,,,,
342,random,0x1.04962adcc0000p+3,0x1.ef7e3ebf00000p+2,,,,,
343,random,0x1.dfe9145580000p+2,0x1.6f0cba6000000p-3,,,,,
344,random,0x1.c7b6fab200000p+0,0x1.9ccd28b100000p+2,,,,,
345,random,0x1.79917c8e40000p+3,0x1.05b804d500000p+2,,,,,
346,random,0x1.c5c5848e00000p+0,0x1.607002a100000p+2,,,,,
347,random,0x1.1469f07e00000p+0,0x1.dc5c0bf300000p+2,,,,,
348,random,0x1.40bb18aec0000p+3,0x1.5f4e23ba00000p+1,,,,,
349,random,0x1.77976c80c0000p+3,0x1.a62f215400000p+0,,,,,
350,random,0x1.384aaf2280000p+2,0x1.f6f8b76a00000p+1,,,,,
351,random,0x1.7ae10f4140000p+3,0x1.5f47b44d00000p+2,,,,,
352,random,0x1.db16b61b80000p+2,0x1.d87938cf00000p+2,,,,,
353,random,0x1.4aa271ce80000p+2,0x1.dc16ec9b00000p+2,,,,,
354,random,0x1.125399cc00000p-1,0x1.734cb91800000p-1,,,,,
355,random,0x1.d48b619d00000p+1,0x1.bda148cd00000p+2,,,,,
356,random,0x1.1a51f89640000p+3,0x1.05cc884a00000p+1,,,,,
357,random,0x1.1bdd99ce40000p+3,0x1.009a26e900000p+2,,,,,
358,random,0x1.0ecbcd9a80000p+2,0x1.7bf8c8a700000p+2,,,,,
359,random,0x1.4f00cefbc0000p+3,0x1.640f054d00000p+2,,,,,
360,random,0x1.eec8a6f580000p+2,0x1.2d8512b600000p+1,,,,,
361,random,0x1.2963fea300000p+1,0x1.2dc8cdef00000p+2,,,,,
362,random,0x1.45fecbba40000p+3,0x1.12c6ce6700000p+2,,,,,
363,random,0x1.c53cc45780000p+2,0x1.f5c09e1500000p+2,,,,,
364,random,0x1.17c45bb740000p+3,0x1.94ca970100000p+2,,,,,
365,random,0x1.689cd1cd00000p+1,0x1.1c88ab7700000p+2,,,,,
366,random,0x1.e87da14800000p-2,0x1.207b05ef00000p+2,,,,,
367,random,0x1.ba9e8fbe00000p+0,0x1.996d659200000p+1,,,,,
368,random,0x1.5b42241c00000p-1,0x1.96de64e200000p+1,,,,,
369,random,0x1.405fc6e3c0000p+3,0x1.3815fcc200000p+1,,,,,
370,random,0x1.306fed3500000p+1,0x1.db3b7e9400000p+0,,,,,
371,random,0x1.92ab044e80000p+2,0x1.660304d900000p+2,,,,,
372,random,0x1.7dd3d11200000p+0,0x1.f3b1dd3500000p+2,,,,,
373,random,0x1.08dbfb3400000p-1,0x1.6a994f6f00000p+2,,,,,
374,random,0x1.50ca0fff80000p+2,0x1.54d8831300000p+2,,,,,
375,random,0x1.750b1ce780000p+2,0x1.8682819f00000p+2,,,,,
376,random,0x1.e84026b380000p+2,0x1.65d3052b00000p+2,,,,,
377,random,0x1.4c9d55d7c0000p+3,0x1.c04a849000000p-2,,,,,
378,random,0x1.b783001500000p+1,0x1.821e591800000p-1,,,,,
379,random,0x1.322748d8c0000p+3,0x1.c1207ba200000p+1,,,,,
380,random,0x1.46b04f70c0000p+3,0x1.b9200ba600000p+1,,,,,
381,random,0x1.17cf31a1c0000p+3,0x1.af70e23800000p-1,,,,,
382,random,0x1.0a3c348040000p+3,0x1.7de6246900000p+2,,,,,
383,random,0x1.b56ea5c500000p+1,0x1.eb1d286300000p+2,,,,,
384,random,0x1.5469baf200000p+0,0x1.da4ab85100000p+2,,,,,
385,random,0x1.13a755d540000p+3,0x1.2cbb081500000p+2,,,,,
386,random,0x1.6a22dc6680000p+2,0x1.da3a1e5000000p-2,,,,,
387,random,0x1.94bc2dcc80000p+2,0x1.6d15b4f600000p+1,,,,,
388,random,0x1.beabbce780000p+2,0x1.70c7c31000000p-2,,,,,
389,random,0x1.16bc4340c0000p+3,0x1.974950c100000p+2,,,,,
390,random,0x1.cdc2ee8200000p+0,0x1.61f3650000000p-6,,,,,
391,random,0x1.7704b2d780000p+2,0x1.4d18503800000p-1,,,,,
392,random,0x1.4f6e8e8bc0000p+3,0x1.b9244a9f00000p+2,,,,,
393,random,0x1.5fc34f7940000p+3,0x1.5968fcf400000p+0,,,,,
394,random,0x1.c88002d400000p-1,0x1.fcbadb6600000p+1,,,,,
395,random,0x1.89e076e100000p+1,0x1.aabf64e700000p+2,,,,,
396,random,0x1.28dcf588c0000p+3,0x1.d773df3200000p+1,,,,,
397,random,0x1.25bcd6ef80000p+2,0x1.faf766c000000p-4,,,,,
398,random,0x1.7ddfc5f840000p+3,0x1.50eda59000000p-2,,,,,
399,random,0x1.9f214faf00000p+1,0x1.fad84a9300000p+2,,,,,
400,random,0x1.f396a80680000p+2,0x1.de8a05e700000p+2,,,,,
401,random,0x1.30fdf8ab80000p+2,0x1.b01ef0ab00000p+2,,,,,
402,random,0x1.3009f54bc0000p+3,0x1.818fb9d000000p-2,,,,,
403,random,0x1.0e38a99480000p+2,0x1.be1a3a0e00000p+1,,,,,
404,random,0x1.154be5cac0000p+3,0x1.fce805ca00000p+1,,,,,
405,random,0x1.73c4649140000p+3,0x1.5674503900000p+2,,,,,
406,random,0x1.c0fee4dc80000p+2,0x1.aeb326a400000p+0,,,,,
407,random,0x1.64c0a996c0000p+3,0x1.139a6d4a00000p+1,,,,,
408,random,0x1.27c3ae3140000p+3,0x1.78f434b200000p+1,,,,,
409,random,0x1.d6acb33580000p+2,0x1.dacdc21000000p-2,,,,,
410,random,0x1.ec4209f300000p+1,0x1.6cb6a70600000p+1,,,,,
411,random,0x1.7545083600000p+0,0x1.6057358e00000p+1,,,,,
412,random,0x1.d4efc1ab00000p+1,0x1.58772c0f00000p+2,,,,,
413,random,0x1.9fcc555980000p+2,0x1.5edf460100000p+2,,,,,
414,random,0x1.779b91b340000p+3,0x1.b121e1b300000p+2,,,,,
415,random,0x1.9b73acbb00000p+1,0x1.573c228d00000p+2,,,,,
416,random,0x1.b332281380000p+2,0x1.4cd13c2700000p+2,,,,,
417,random,0x1.f8ef106d80000p+2,0x1.496d781e00000p+1,,,,,
418,random,0x1.6786186140000p+3,0x1.4335baa200000p+1,,,,,
419,random,0x1.56eafa6e00000p+0,0x1.3e92ba3300000p+2,,,,,
420,random,0x1.e9ee113300000p+1,0x1.ddf79c2800000p-1,,,,,
421,random,0x1.7b96dde940000p+3,0x1.66d6b79a00000p+1,,,,,
422,random,0x1.7f8ea5de00000p+0,0x1.1a01ba8600000p+1,,,,,
423,random,0x1.3104d15200000p+0,0x1.12e6714600000p+1,,,,,
424,random,0x1.23405d08c0000p+3,0x1.b49edaf100000p+2,,,,,
425,random,0x1.802d05a600000p+0,0x1.f25c386500000p+2,,,,,
426,random,0x1.aa52390c80000p+2,0x1.02176a0f00000p+2,,,,,
427,random,0x1.fe36809880000p+2,0x1.390c0a8c00000p+0,,,,,
428,random,0x1.286081b140000p+3,0x1.d4ae3ed700000p+2,,,,,
429,random,0x1.4489c925c0000p+3,0x1.a3a5495400000p+0,,,,,
430,random,0x1.04b06737c0000p+3,0x1.83c6b8f300000p+2,,,,,
431,random,0x1.7fa24b7d80000p+2,0x1.4a3a921200000p+1,,,,,
432,random,0x1.4ff03cc4c0000p+3,0x1.cf3e12b600000p+1,,,,,
433,random,0x1.ca387b2180000p+2,0x1.b0d60a3f00000p+2,,,,,
434,random,0x1.5f4a646d80000p+2,0x1.e2b074a600000p+1,,,,,
435,random,0x1.51699f47c0000p+3,0x1.c93fd46d00000p+2,,,,,
436,random,0x1.349e80c0c0000p+3,0x1.0b216f0b00000p+2,,,,,
437,random,0x1.d46abe4480000p+2,0x1.20d92b5a00000p+1,,,,,
438,random,0x1.6701f4ba80000p+2,0x1.dc7268ae00000p+1,,,,,
439,random,0x1.553e91cac0000p+3,0x1.a7d47ce400000p+0,,,,,
440,random,0x1.1f2d86f500000p+1,0x1.09b4805500000p+2,,,,,
441,random,0x1.b7ae341600000p+0,0x1.d3987fd200000p+1,,,,,
442,random,0x1.963b43ce00000p+0,0x1.af0d971600000p+1,,,,,
443,random,0x1.72e5c4e7c0000p+3,0x1.3066075c00000p+0,,,,,
444,random,0x1.4bcffac040000p+3,0x1.db82d5df00000p+2,,,,,
445,random,0x1.4cbeda0b80000p+2,0x1.fb9ecbae00000p+1,,,,,
446,random,0x1.1c1d04e080000p+2,0x1.e32ee7ba00000p+1,,,,,
447,random,0x1.a15a3f1b00000p+1,0x1.d089cf8200000p+1,,,,,
448,random,0x1.472f2dbf80000p+2,0x1.c015a57f00000p+2,,,,,
449,random,0x1.b596da9b00000p+1,0x1.a3cc4aa800000p-1,,,,,
450,random,0x1.4d799e4c80000p+2,0x1.459226b700000p+2,,,,,
451,random,0x1.14be8bbf80000p+2,0x1.3331c36300000p+2,,,,,
452,random,0x1.3b41a78780000p+2,0x1.a48ea78d00000p+2,,,,,
453,random,0x1.9446acdb80000p+2,0x1.8edd61bd00000p+2,,,,,
454,random,0x1.0d58fe1c00000p-1,0x1.4773639000000p-2,,,,,
455,random,0x1.aaee99ed80000p+2,0x1.163765d200000p+1,,,,,
456,random,0x1.24968bfac0000p+3,0x1.cf1a1f7100000p+2,,,,,
457,random,0x1.9a46612d80000p+2,0x1.eec11b0300000p+2,,,,,
458,random,0x1.6da02ab940000p+3,0x1.4e79dc2c00000p+0,,,,,
459,random,0x1.932a0a6b80000p+2,0x1.e9c0447500000p+2,,,,,
460,random,0x1.544b767480000p+2,0x1.933e36c400000p+0,,,,,
461,random,0x1.224618dec0000p+3,0x1.2f92fae900000p+2,,,,,
462,random,0x1.4ee9fb5140000p+3,0x1.b7c3e43900000p+2,,,,,
463,random,0x1.2fbbc14a80000p+2,0x1.3b8dde5300000p+2,,,,,
464,random,0x1.5fe5bcd800000p-2,0x1.f52bc4f000000p-2,,,,,
465,random,0x1.7be3cd4d00000p+1,0x1.acc542dc00000p+0,,,,,
466,random,0x1.2b7e9a6000000p-4,0x1.029bae6000000p-3,,,,,
467,random,0x1.cb4094b680000p+2,0x1.4d24b32300000p+2,,,,,
468,random,0x1.5a7a772980000p+2,0x1.b290075d00000p+2,,,,,
469,random,0x1.1a8f10df80000p+2,0x1.bdd3f12900000p+2,,,,,
470,random,0x1.ee987f0580000p+2,0x1.69ad4bd500000p+2,,,,,
471,random,0x1.46d06c0240000p+3,0x1.3bb3cb5f00000p+2,,,,,
472,random,0x1.f09675b480000p+2,0x1.44281e4700000p+2,,,,,
473,random,0x1.2dc68e5500000p+1,0x1.3e68d45b00000p+2,,,,,
474,random,0x1.b195cde180000p+2,0x1.88427ee700000p+2,,,,,
475,random,0x1.a1875d8700000p+1,0x1.c8ffaaed00000p+2,,,,,
476,random,0x1.69633fadc0000p+3,0x1.a4c7b85c00000p+0,,,,,
477,random,0x1.51a74ecf00000p+1,0x1.8abf5f3900000p+2,,,,,
478,random,0x1.7497355f40000p+3,0x1.8dbaeffe00000p+1,,,,,
479,random,0x1.e68b449480000p+2,0x1.6b83e3d600000p+1,,,,,
480,random,0x1.5be50e6100000p+1,0x1.a47f23c100000p+2,,,,,
481,random,0x1.0f72807d40000p+3,0x1.9b19271400000p+0,,,,,
482,random,0x1.c15c597e00000p+0,0x1.ee3d9a7300000p+2,,,,,
483,random,0x1.0eafcadcc0000p+3,0x1.a2f96c8400000p+0,,,,,
484,random,0x1.7bac521b00000p+1,0x1.8698830a00000p+1,,,,,
485,random,0x1.2e14f53900000p+1,0x1.793a74b500000p+2,,,,,
486,random,0x1.18a8891740000p+3,0x1.847df20000000p-7,,,,,
487,random,0x1.75f65225c0000p+3,0x1.2e478a5e00000p+1,,,,,
488,random,0x1.5bc9ec2000000p-4,0x1.4472725400000p+0,,,,,
489,random,0x1.d99a533100000p+1,0x1.1a18c06600000p+1,,,,,
490,random,0x1.7e64abfe80000p+2,0x1.47ecfadb00000p+2,,,,,
491,random,0x1.d9ab64a200000p+0,0x1.b63b4aba00000p+1,,,,,
492,random,0x1.289512d7c0000p+3,0x1.6b0b485d00000p+2,,,,,
493,random,0x1.9827777f00000p+1,0x1.a626aeca00000p+1,,,,,
494,random,0x1.2bd865ed80000p+2,0x1.073550c000000p-4,,,,,
495,random,0x1.6aa90f0300000p+1,0x1.6ccd28a300000p+2,,,,,
496,random,0x1.aaf2724000000p-5,0x1.623b56c200000p+1,,,,,
497,random,0x1.c95c3cac80000p+2,0x1.16f8d66b00000p+2,,,,,
498,random,0x1.7f14f09500000p+1,0x1.e9cf567e00000p+1,,,,,
499,random,0x1.c5c9bda080000p+2,0x1.9b44ac5000000p-2,,,,,
500,random,0x1.ae0f7db280000p+2,0x1.7bcfcb6000000p-3,,,,,
501,random,0x1.5ebea75680000p+2,0x1.a9d4b0e900000p+2,,,,,
502,random,0x1.3a560bb940000p+3,0x1.ce65817b00000p+2,,,,,
503,random,0x1.446325dc40000p+3,0x1.07f1e1c800000p-1,,,,,
504,random,0x1.0dfaadef80000p+2,0x1.705311aa00000p+1,,,,,
505,random,0x1.6a88d61100000p+1,0x1.1790ab1200000p+1,,,,,
506,random,0x1.69754b4c40000p+3,0x1.766588a800000p-1,,,,,
507,random,0x1.73c11c2fc0000p+3,0x1.457ce10700000p+2,,,,,
508,random,0x1.951e794580000p+2,0x1.44791ded00000p+2,,,,,
509,random,0x1.49bbe0fb80000p+2,0x1.9018a5d500000p+2,,,,,
510,random,0x1.0c081302c0000p+3,0x1.3bc08c0e00000p+1,,,,,
511,random,0x1.2837ce0dc0000p+3,0x1.e6e37e0600000p+1,,,,,
512,random,0x1.07a619f380000p+2,0x1.0a09c15d00000p+2,,,,,
513,random,0x1.2d0b7f0f80000p+2,0x1.bab7043600000p+1,,,,,
514,random,0x1.408cc4fb80000p+2,0x1.02176b6600000p+1,,,,,
515,random,0x1.8bdc5a9180000p+2,0x1.80ea209100000p+2,,,,,
516,random,0x1.07cfe96bc0000p+3,0x1.195567d800000p-1,,,,,
517,random,0x1.119c19e3c0000p+3,0x1.1cd619e500000p+2,,,,,
518,random,0x1.64cd2c0940000p+3,0x1.0d58078400000p+0,,,,,
519,random,0x1.0d3ba39940000p+3,0x1.da14f3d000000p-2,,,,,
520,random,0x1.4b15745f40000p+3,0x1.14fee41300000p+2,,,,,
521,random,0x1.f11078ea00000p+0,0x1.e15b0a6d00000p+2,,,,,
522,random,0x1.c8b826d680000p+2,0x1.8f2729d000000p-2,,,,,
523,random,0x1.9139957880000p+2,0x1.d38025a200000p+1,,,,,
524,random,0x1.536b591e80000p+2,0x1.ba30bc4900000p+2,,,,,
525,random,0x1.e49eb47380000p+2,0x1.4453a6a400000p+0,,,,,
526,random,0x1.7215d34c00000p-1,0x1.08031ddd00000p+2,,,,,
527,random,0x1.6cadd37e80000p+2,0x1.d65ad8bf00000p+2,,,,,
528,random,0x1.2a2fa10880000p+2,0x1.92ad402f00000p+2,,,,,
529,random,0x1.bf598d7480000p+2,0x1.ce64b45800000p-1,,,,,
530,random,0x1.77a646e140000p+3,0x1.d9d9c38700000p+2,,,,,
531,random,0x1.7f7ff729c0000p+3,0x1.e380d41300000p+2,,,,,
532,random,0x1.1a7eb3a0c0000p+3,0x1.1f4dcb0800000p-1,,,,,
533,random,0x1.d458a0d780000p+2,0x1.44e693ff00000p+2,,,,,
534,random,0x1.04f720ad80000p+2,0x1.bfe34e8d00000p+2,,,,,
535,random,0x1.6fb5f544c0000p+3,0x1.63ce565200000p+1,,,,,
536,random,0x1.351d33a840000p+3,0x1.a23f8ed700000p+2,,,,,
537,random,0x1.1c01936840000p+3,0x1.1c95bc3400000p+0,,,,,
538,random,0x1.6ca5f19ac0000p+3,0x1.2689085400000p+0,,,,,
539,random,0x1.bb050eac80000p+2,0x1.f870e8b000000p-2,,,,,
540,random,0x1.0f9f2e2bc0000p+3,0x1.b4d7e01700000p+2,,,,,
541,random,0x1.0f86604f80000p+2,0x1.c0fabcfb00000p+2,,,,,
542,random,0x1.91d4a2e480000p+2,0x1.6f0a097d00000p+2,,,,,
543,random,0x1.c645615200000p+0,0x1.869d9a7600000p+1,,,,,
544,random,0x1.10f6382f00000p+1,0x1.f57cb41200000p+1,,,,,
545,random,0x1.21a505d200000p+0,0x1.1b5b4a8000000p-5,,,,,
546,random,0x1.96807f0980000p+2,0x1.b34b655900000p+2,,,,,
547,random,0x1.482a71dec0000p+3,0x1.0558bfb800000p-1,,,,,
548,random,0x1.9d1d381380000p+2,0x1.76fea1d900000p+2,,,,,
549,random,0x1.5e93ec1940000p+3,0x1.aa699d0900000p+2,,,,,
550,random,0x1.26dd86bf00000p+1,0x1.f5b4a7eb00000p+2,,,,,
551,random,0x1.dfe2bf6700000p+1,0x1.bc9888b800000p-1,,,,,
552,random,0x1.5e91f2e080000p+2,0x1.f354d9db00000p+2,,,,,
553,random,0x1.745442b940000p+3,0x1.70c65eb200000p+1,,,,,
554,random,0x1.3a3f2bc540000p+3,0x1.9936f10900000p+2,,,,,
555,random,0x1.6b5c6d7d40000p+3,0x1.154285d600000p+1,,,,,
556,random,0x1.83726bc880000p+2,0x1.cbbb75d000000p-2,,,,,
557,random,0x1.c51e794e80000p+2,0x1.5acb032200000p+1,,,,,
558,random,0x1.64e7eb3cc0000p+3,0x1.da50eac700000p+2,,,,,
559,random,0x1.99aa71a300000p+1,0x1.765f3f1900000p+2,,,,,
560,random,0x1.0af5641fc0000p+3,0x1.fc8038ec00000p+0,,,,,
561,random,0x1.0f4a426fc0000p+3,0x1.8c689b8b00000p+2,,,,,
562,random,0x1.564b1a0d00000p+1,0x1.5a5766ac00000p+0,,,,,
563,random,0x1.62bef40700000p+1,0x1.ff238e8300000p+2,,,,,
564,random,0x1.580514d980000p+2,0x1.ff3e0f2400000p+0,,,,,
565,random,0x1.5a6571cdc0000p+3,0x1.ead43b6c00000p+0,,,,,
566,random,0x1.d2ede9c000000p-5,0x1.406f4cb900000p+2,,,,,
567,random,0x1.99f266ed00000p+1,0x1.fca7a4f000000p-2,,,,,
568,random,0x1.d9f1b25480000p+2,0x1.e42a09c600000p+1,,,,,
569,random,0x1.e29fc65200000p+0,0x1.23e29f3800000p-1,,,,,
570,random,0x1.01a35b2f00000p+1,0x1.690da5f400000p+0,,,,,
571,random,0x1.0670ab4d80000p+2,0x1.330a812d00000p+2,,,,,
572,random,0x1.3aefa94e40000p+3,0x1.b7ab447200000p+1,,,,,
573,random,0x1.ebe4f94f00000p+1,0x1.a1d4ca5200000p+1,,,,,
574,random,0x1.e4df603400000p-1,0x1.7410524400000p+0,,,,,
575,random,0x1.088020efc0000p+3,0x1.dba44ccc00000p+0,,,,,
576,random,0x1.6684ffbb40000p+3,0x1.94d205ff00000p+2,,,,,
577,random,0x1.f5789c4080000p+2,0x1.ca50d9de00000p+1,,,,,
578,random,0x1.e322d46180000p+2,0x1.7223f87000000p-2,,,,,
579,random,0x1.24746f6cc0000p+3,0x1.23e5b43200000p+1,,,,,
580,random,0x1.2ced2df9c0000p+3,0x1.77d742e000000p-3,,,,,
581,random,0x1.d0d57f1800000p-2,0x1.c97594b000000p-2,,,,,
582,random,0x1.2b79d69d40000p+3,0x1.12f4343a00000p+1,,,,,
583,random,0x1.33b592e000000p-4,0x1.7f79c6d500000p+2,,,,,
584,random,0x1.554b27b740000p+3,0x1.4fc81a5d00000p+2,,,,,
585,random,0x1.4edb406a00000p+0,0x1.a13040a300000p+2,,,,,
586,random,0x1.357e6fbf40000p+3,0x1.e8154ff900000p+2,,,,,
587,random,0x1.3f62c567c0000p+3,0x1.5a64dc1800000p-1,,,,,
588,random,0x1.810e934200000p+0,0x1.559eadbb00000p+2,,,,,
589,random,0x1.0a3b188b40000p+3,0x1.ef54b78c00000p+0,,,,,
590,random,0x1.5b48a69c00000p-1,0x1.901ca02500000p+2,,,,,
591,random,0x1.09c7b8c9c0000p+3,0x1.65fbd6be00000p+1,,,,,
592,random,0x1.050f401e80000p+2,0x1.0efcf15d00000p+2,,,,,
593,random,0x1.2b0d9e9340000p+3,0x1.f9a4d56b00000p+2,,,,,
594,random,0x1.2259b3ccc0000p+3,0x1.f0a24ecc00000p+0,,,,,
595,random,0x1.bb26035300000p+1,0x1.f21e9ea200000p+1,,,,,
596,random,0x1.7636ac5b80000p+2,0x1.fb2b242200000p+1,,,,,
597,random,0x1.169ceb6900000p+1,0x1.852a48a300000p+2,,,,,
598,random,0x1.e0682f2480000p+2,0x1.1848bea700000p+2,,,,,
599,random,0x1.9c90718280000p+2,0x1.bdbb8c4400000p+0,,,,,
600,random,0x1.bba20b1100000p+1,0x1.d0b509f600000p+1,,,,,
601,random,0x1.13011f5cc0000p+3,0x1.7eaf330500000p+2,,,,,
602,random,0x1.dfb99fd280000p+2,0x1.5e5ffa0300000p+2,,,,,
603,random,0x1.51f8135780000p+2,0x1.e22e187900000p+2,,,,,
604,random,0x1.161364a4c0000p+3,0x1.8cfa5c2e00000p+1,,,,,
605,random,0x1.3c339cb540000p+3,0x1.914b3d8200000p+1,,,,,
606,random,0x1.1649209d00000p+1,0x1.f0150f2500000p+2,,,,,
607,random,0x1.f3f526a180000p+2,0x1.f536def100000p+2,,,,,
608,random,0x1.cfb9ab6a80000p+2,0x1.ef50a2c900000p+2,,,,,
609,random,0x1.fead2a7480000p+2,0x1.080e479800000p-1,,,,,
610,random,0x1.148ccb7640000p+3,0x1.bdf96ee000000p-3,,,,,
611,random,0x1.6ceae89040000p+3,0x1.673e2c9600000p+1,,,,,
612,random,0x1.5de8f6c400000p-1,0x1.ff1eba8200000p+1,,,,,
613,random,0x1.58a9682080000p+2,0x1.40efc83000000p-2,,,,,
614,random,0x1.6e5f703cc0000p+3,0x1.3722865100000p+2,,,,,
615,random,0x1.0a34a08240000p+3,0x1.a0f04a6d00000p+2,,,,,
616,random,0x1.0e14e10400000p-1,0x1.0562956000000p-3,,,,,
617,random,0x1.63bf2f3640000p+3,0x1.5c4a5a5800000p-1,,,,,
618,random,0x1.f4b9237380000p+2,0x1.10079a4500000p+2,,,,,
619,random,0x1.5a12cfaac0000p+3,0x1.e7ab1a3600000p+1,,,,,
620,random,0x1.592e415dc0000p+3,0x1.87a7571400000p+0,,,,,
621,random,0x1.d0d4838d00000p+1,0x1.0a8fd44100000p+2,,,,,
622,random,0x1.d44ff66980000p+2,0x1.268b968e00000p+1,,,,,
623,random,0x1.be87943300000p+1,0x1.a518a1a600000p+1,,,,,
624,random,0x1.48743ff9c0000p+3,0x1.1b80b8dd00000p+2,,,,,
625,random,0x1.a329b6ed00000p+1,0x1.8f82c58900000p+2,,,,,
626,random,0x1.2832b2afc0000p+3,0x1.faad3fa900000p+2,,,,,
627,random,0x1.f189dbe000000p-4,0x1.14020b1800000p-1,,,,,
628,random,0x1.4630669ac0000p+3,0x1.2887d55100000p+2,,,,,
629,random,0x1.30bbc8a400000p-1,0x1.86ae714400000p+0,,,,,
630,random,0x1.e9f7338180000p+2,0x1.8f95daf900000p+2,,,,,
631,random,0x1.ee2fa67480000p+2,0x1.344ab37e00000p+1,,,,,
632,random,0x1.5dcf2c9d80000p+2,0x1.16a9ffba00000p+1,,,,,
633,random,0x1.5c5255e2c0000p+3,0x1.c189d0db00000p+2,,,,,
634,random,0x1.0f5bc77380000p+2,0x1.59204a3600000p+1,,,,,
635,random,0x1.1fb9ba4e80000p+2,0x1.3258e64b00000p+2,,,,,
636,random,0x1.dfc76fd500000p+1,0x1.bf42ded800000p-1,,,,,
637,random,0x1.40b6d4b580000p+2,0x1.fc8f758000000p-5,,,,,
638,random,0x1.53bc921280000p+2,0x1.519c2ea900000p+2,,,,,
639,random,0x1.346de60340000p+3,0x1.b4c51c1800000p-1,,,,,
640,random,0x1.de682c2680000p+2,0x1.0b77a3b400000p+0,,,,,
641,random,0x1.c08fa74600000p+0,0x1.67f1e81800000p-1,,,,,
642,random,0x1.06a8a706c0000p+3,0x1.89854b5400000p+0,,,,,
643,random,0x1.4699495dc0000p+3,0x1.89bfedf300000p+2,,,,,
644,random,0x1.0a11d0da80000p+2,0x1.c98fa9db00000p+2,,,,,
645,random,0x1.f009527d80000p+2,0x1.99fc78c900000p+2,,,,,
646,random,0x1.8bc0f3d000000p-3,0x1.8953487400000p+0,,,,,
647,random,0x1.2f3f8e89c0000p+3,0x1.fb43e08d00000p+2,,,,,
648,random,0x1.d4b957f100000p+1,0x1.1614701a00000p+1,,,,,
649,random,0x1.8b32796280000p+2,0x1.3d666a1a00000p+1,,,,,
650,random,0x1.87e822db00000p+1,0x1.22d0b9ac00000p+0,,,,,
651,random,0x1.5166f21440000p+3,0x1.fa0ca05f00000p+2,,,,,
652,random,0x1.09abf2da40000p+3,0x1.fc20132100000p+2,,,,,
653,random,0x1.4b7d5fe140000p+3,0x1.e8ef05b900000p+2,,,,,
654,random,0x1.19c1711900000p+1,0x1.70bc498000000p-5,,,,,
655,random,0x1.71c542c880000p+2,0x1.e3231de800000p-1,,,,,
656,random,0x1.96946a4b00000p+1,0x1.d93f88e900000p+2,,,,,
657,random,0x1.6cedb00e40000p+3,0x1.70c975b900000p+2,,,,,
658,random,0x1.f5295b8580000p+2,0x1.52017e6300000p+2,,,,,
659,random,0x1.484f9a0a80000p+2,0x1.c99d9c6500000p+2,,,,,
660,random,0x1.9bfee1a600000p+0,0x1.c67bbcff00000p+2,,,,,
661,random,0x1.d8dee87f00000p+1,0x1.08ab51da00000p+1,,,,,
662,random,0x1.310b082d00000p+1,0x1.f24c5af400000p+0,,,,,
663,random,0x1.adc5718f00000p+1,0x1.4948acea00000p+1,,,,,
664,random,0x1.3282f59540000p+3,0x1.62fb6f6700000p+2,,,,,
665,random,0x1.4bdafc9540000p+3,0x1.c4d4e11900000p+2,,,,,
666,random,0x1.d97087db00000p+1,0x1.4aa6a17f00000p+2,,,,,
667,random,0x1.490bee7840000p+3,0x1.bbaaef6e00000p+1,,,,,
668,random,0x1.6eb5a2e300000p+1,0x1.07aa666500000p+2,,,,,
669,random,0x1.d4cf063780000p+2,0x1.ef28817c00000p+0,,,,,
670,random,0x1.0544d09000000p-3,0x1.122406be00000p+1,,,,,
671,random,0x1.e443a87300000p+1,0x1.0878297600000p+1,,,,,
672,random,0x1.ffa6605680000p+2,0x1.6a1208f000000p-2,,,,,
673,random,0x1.19bf27b6c0000p+3,0x1.ed302fa200000p+1,,,,,
674,random,0x1.d2cbfb8080000p+2,0x1.01e0d1e700000p+2,,,,,
675,random,0x1.40c7bf4cc0000p+3,0x1.59a593d100000p+2,,,,,
676,random,0x1.7987fe0f80000p+2,0x1.fc4e18de00000p+1,,,,,
677,random,0x1.09c1653e00000p+0,0x1.67d247bc00000p+0,,,,,
678,random,0x1.7d9aa40e40000p+3,0x1.e9aa268100000p+2,,,,,
679,random,0x1.4f2caddec0000p+3,0x1.0ed7b77600000p+1,,,,,
680,random,0x1.d7822dcf80000p+2,0x1.93fad04600000p+1,,,,,
681,random,0x1.eabe267100000p+1,0x1.eeaf51e400000p+0,,,,,
682,random,0x1.bf1086a380000p+2,0x1.9449b6ee00000p+1,,,,,
683,random,0x1.81e5e9c500000p+1,0x1.f963ee8e00000p+1,,,,,
684,random,0x1.1a1581e700000p+1,0x1.2b06e22600000p+1,,,,,
685,random,0x1.34f4cd3500000p+1,0x1.1b8b2bf400000p+0,,,,,
686,random,0x1.6e1d184f00000p+1,0x1.b8e37dac00000p+0,,,,,
687,random,0x1.14f950d240000p+3,0x1.379ee82300000p+2,,,,,
688,random,0x1.3c27785900000p+1,0x1.56fcf34d00000p+2,,,,,
689,random,0x1.759465b6c0000p+3,0x1.f852370700000p+2,,,,,
690,random,0x1.540b617b80000p+2,0x1.973d948800000p-1,,,,,
691,random,0x1.e13de80d80000p+2,0x1.dd53e2cf00000p+2,,,,,
692,random,0x1.39d643bac0000p+3,0x1.21bcf6f300000p+2,,,,,
693,random,0x1.11ef6c1480000p+2,0x1.dfedbc6800000p-1,,,,,
694,random,0x1.f81bb60580000p+2,0x1.4d03a1d600000p+1,,,,,
695,random,0x1.00ccef30c0000p+3,0x1.265e0b3000000p-2,,,,,
696,random,0x1.136db6fdc0000p+3,0x1.b8c854b000000p-2,,,,,
697,random,0x1.f34fd0d500000p+1,0x1.92d4015000000p-2,,,,,
698,random,0x1.dd4db32d80000p+2,0x1.3d15963800000p-1,,,,,
699,random,0x1.267c0167c0000p+3,0x1.8ec198ee00000p+1,,,,,
700,random,0x1.8762c15c00000p-1,0x1.9043e35600000p+1,,,,,
701,random,0x1.8342291900000p+1,0x1.6420dfa400000p+0,,,,,
702,random,0x1.52ea8614c0000p+3,0x1.8fe6901500000p+2,,,,,
703,random,0x1.a92bd60800000p-2,0x1.595dabfe00000p+1,,,,,
704,random,0x1.eac46a8b80000p+2,0x1.aa15735600000p+1,,,,,
705,random,0x1.4dab501540000p+3,0x1.105039db00000p+2,,,,,
706,random,0x1.f81c5ce100000p+1,0x1.1426d8bd00000p+2,,,,,
707,random,0x1.763d568a40000p+3,0x1.7c37b70c00000p+0,,,,,
708,random,0x1.1ec8632640000p+3,0x1.23d17ea300000p+2,,,,,
709,random,0x1.e62765d180000p+2,0x1.8055f2f100000p+2,,,,,
710,random,0x1.67b4050d40000p+3,0x1.7c1e8cb900000p+2,,,,,
711,random,0x1.237784ed40000p+3,0x1.f41063a800000p-1,,,,,
712,random,0x1.0bac81dd00000p+1,0x1.a2b1bd7100000p+2,,,,,
713,random,0x1.5168c31140000p+3,0x1.7a80d6df00000p+2,,,,,
714,random,0x1.739141ca00000p+0,0x1.3304a5f500000p+2,,,,,
715,random,0x1.160f359e00000p+0,0x1.29c8597d00000p+2,,,,,
716,random,0x1.9d8a957400000p-1,0x1.6443510a00000p+1,,,,,
717,random,0x1.0c91b7a240000p+3,0x1.e0b6f37c00000p+0,,,,,
718,random,0x1.717dc01780000p+2,0x1.447d915500000p+2,,,,,
719,random,0x1.77d95d9c80000p+2,0x1.5f37ca9100000p+2,,,,,
720,random,0x1.25a1ec4680000p+2,0x1.f7df3ac800000p-1,,,,,
721,random,0x1.6976416500000p+1,0x1.91d779e700000p+2,,,,,
722,random,0x1.b1622a2100000p+1,0x1.8a9f407000000p-2,,,,,
723,random,0x1.776accae80000p+2,0x1.4fccdeb900000p+2,,,,,
724,random,0x1.62a861c740000p+3,0x1.5ed1b57f00000p+2,,,,,
725,random,0x1.69a65a0ac0000p+3,0x1.496e186200000p+1,,,,,
726,random,0x1.4703fd1040000p+3,0x1.bc400ca800000p-1,,,,,
727,random,0x1.3e19f3f740000p+3,0x1.f262127a00000p+1,,,,,
728,random,0x1.aa8fc44500000p+1,0x1.64e7c7c900000p+2,,,,,
729,random,0x1.baffc27f80000p+2,0x1.e66df09500000p+2,,,,,
730,random,0x1.be7bbc6b00000p+1,0x1.c111aff700000p+2,,,,,
731,random,0x1.7b4dd8a2c0000p+3,0x1.76a69dc300000p+2,,,,,
732,random,0x1.bbfd4abb00000p+1,0x1.548a88af00000p+2,,,,,
733,random,0x1.7ddefe8b00000p+1,0x1.8b9c968c00000p+0,,,,,
734,random,0x1.7ccf975700000p+1,0x1.ee1b986000000p-3,,,,,
735,random,0x1.adea05d780000p+2,0x1.fecf0c2100000p+2,,,,,
736,random,0x1.60d0cfee00000p+0,0x1.5107505900000p+2,,,,,
737,random,0x1.fb8588c880000p+2,0x1.8f9c81b400000p+0,,,,,
738,random,0x1.655b670640000p+3,0x1.b8acc61800000p-1,,,,,
739,random,0x1.6e7f508dc0000p+3,0x1.4b23fbec00000p+0,,,,,
740,random,0x1.a17611c180000p+2,0x1.45dcc16f00000p+2,,,,,
741,random,0x1.f9809ba300000p+1,0x1.147407ab00000p+2,,,,,
742,random,0x1.b9abfaad00000p+1,0x1.f8d07ca200000p+1,,,,,
743,random,0x1.46f4ed7c80000p+2,0x1.8050093b00000p+2,,,,,
744,random,0x1.be12289000000p-3,0x1.e93f66e600000p+1,,,,,
745,random,0x1.518d8fbe80000p+2,0x1.b1537d1500000p+2,,,,,
746,random,0x1.00e1988a00000p+0,0x1.8af0fe8b00000p+2,,,,,
747,random,0x1.1e54c02cc0000p+3,0x1.af2055de00000p+1,,,,,
748,random,0x1.e8ef053f00000p+1,0x1.3a596b3400000p+0,,,,,
749,random,0x1.07e65cfd80000p+2,0x1.7129204900000p+2,,,,,
750,random,0x1.bbf8683180000p+2,0x1.8b8cab3c00000p+0,,,,,
751,random,0x1.ce92e4ac00000p-1,0x1.3451e4d000000p-2,,,,,
752,random,0x1.cc25692f80000p+2,0x1.1caa843e00000p+1,,,,,
753,random,0x1.ab69122000000p-4,0x1.44b7a91400000p+0,,,,,
754,random,0x1.3d27cda680000p+2,0x1.01f6256800000p-1,,,,,
755,random,0x1.2b3dcad880000p+2,0x1.497943e700000p+2,,,,,
756,random,0x1.22310e2980000p+2,0x1.e961f74700000p+2,,,,,
757,random,0x1.19fefadd80000p+2,0x1.7df0e3d700000p+2,,,,,
758,random,0x1.2930d9e780000p+2,0x1.6fdcb9b300000p+2,,,,,
759,random,0x1.608a1007c0000p+3,0x1.15184bea00000p+1,,,,,
760,random,0x1.35a1dbcb80000p+2,0x1.6a610d8600000p+1,,,,,
761,random,0x1.3f4e27ad00000p+1,0x1.44d6549a00000p+1,,,,,
762,random,0x1.3ba60a0640000p+3,0x1.73c5c53000000p-2,,,,,
763,random,0x1.1d34914240000p+3,0x1.27dd029700000p+2,,,,,
764,random,0x1.3709ef86c0000p+3,0x1.82250aa000000p-3,,,,,
765,random,0x1.7d1e04c680000p+2,0x1.73e43a3900000p+2,,,,,
766,random,0x1.fa89870500000p+1,0x1.4d29fd3f00000p+2,,,,,
767,random,0x1.6af2291440000p+3,0x1.4d91235000000p-2,,,,,
768,random,0x1.1794b77ac0000p+3,0x1.dec4956400000p+0,,,,,
769,random,0x1.06123083c0000p+3,0x1.bf1d32f400000p+0,,,,,
770,random,0x1.172e747ec0000p+3,0x1.8c547a4b00000p+2,,,,,
771,random,0x1.fee2ca3580000p+2,0x1.0590a96100000p+2,,,,,
772,random,0x1.75c10a3180000p+2,0x1.ea31e27300000p+2,,,,,
773,random,0x1.34613a8c00000p-1,0x1.492fde7100000p+2,,,,,
774,random,0x1.4d87fa98c0000p+3,0x1.a61338e900000p+2,,,,,
775,random,0x1.4aeac3ec40000p+3,0x1.a3fce2c100000p+2,,,,,
776,random,0x1.08fade0380000p+2,0x1.2f6999d700000p+2,,,,,
777,random,0x1.5630ec0b80000p+2,0x1.76ab639100000p+2,,,,,
778,random,0x1.9b3141a800000p-2,0x1.ad9bb9d300000p+2,,,,,
779,random,0x1.0838bef3c0000p+3,0x1.a98d6af600000p+1,,,,,
780,random,0x1.98b98b4e00000p+0,0x1.c7879a7400000p+0,,,,,
781,random,0x1.2ea1aa0780000p+2,0x1.313f29fd00000p+2,,,,,
782,random,0x1.19312c1480000p+2,0x1.276a35c600000p+1,,,,,
783,random,0x1.435ca79fc0000p+3,0x1.d809e3ff00000p+2,,,,,
784,random,0x1.eaae027500000p+1,0x1.4e15136e00000p+1,,,,,
785,random,0x1.145db06400000p-1,0x1.ad34de3100000p+2,,,,,
786,random,0x1.1bd4dc35c0000p+3,0x1.80caef2700000p+2,,,,,
787,random,0x1.2e21ed6880000p+2,0x1.23d74e9300000p+2,,,,,
788,random,0x1.170c7578c0000p+3,0x1.3b0a412b00000p+2,,,,,
789,random,0x1.246f931940000p+3,0x1.a765fe2300000p+2,,,,,
790,random,0x1.45ea6089c0000p+3,0x1.bcd4c25c00000p+0,,,,,
791,random,0x1.46f636cc40000p+3,0x1.eb3b2d2d00000p+2,,,,,
792,random,0x1.062b2386c0000p+3,0x1.44bb0be300000p+2,,,,,
793,random,0x1.fcc2885000000p-3,0x1.19733eb200000p+1,,,,,
794,random,0x1.cdf4e7df80000p+2,0x1.2690f82a00000p+1,,,,,
795,random,0x1.441a83ec00000p-1,0x1.0d41d89000000p-2,,,,,
796,random,0x1.b5fdf81a80000p+2,0x1.367c033900000p+2,,,,,
797,random,0x1.cc04041200000p+0,0x1.f8e9929a00000p+1,,,,,
798,random,0x1.9dbb925980000p+2,0x1.88ac403d00000p+2,,,,,
799,random,0x1.1a5a4e3600000p+0,0x1.9a54dc6700000p+2,,,,,
800,random,0x1.fbc2395980000p+2,0x1.f413afae00000p+1,,,,,
801,random,0x1.58e6a21100000p+1,0x1.f0df5cd700000p+2,,,,,
802,random,0x1.4454a7d600000p+0,0x1.ada8cf4400000p+0,,,,,
803,random,0x1.3f0a934f00000p+1,0x1.26befcab00000p+2,,,,,
804,random,0x1.75a9496a80000p+2,0x1.7064443700000p+2,,,,,
805,random,0x1.5d8a923e40000p+3,0x1.516368ed00000p+2,,,,,
806,random,0x1.991512cf80000p+2,0x1.9322cf7c00000p+0,,,,,
807,random,0x1.851d77d200000p+0,0x1.b88abff900000p+2,,,,,
808,random,0x1.54aca81240000p+3,0x1.2cb9769b00000p+2,,,,,
809,random,0x1.dc0bbe6880000p+2,0x1.82abc2e200000p+1,,,,,
810,random,0x1.0afd5b2e40000p+3,0x1.589a1d4300000p+2,,,,,
811,random,0x1.7f8e424d40000p+3,0x1.94fba52000000p-3,,,,,
812,random,0x1.4c558adf80000p+2,0x1.9f6eb15b00000p+2,,,,,
813,random,0x1.7b77dd07c0000p+3,0x1.023fb66600000p+1,,,,,
814,random,0x1.edaeec4380000p+2,0x1.f021731600000p+1,,,,,
815,random,0x1.d4c94cba80000p+2,0x1.aa5fad1300000p+2,,,,,
816,random,0x1.ba7a33ea00000p+0,0x1.786a541c00000p+0,,,,,
817,random,0x1.4e4794ba80000p+2,0x1.1873f0af00000p+2,,,,,
818,random,0x1.7f38136a00000p+0,0x1.0a7e1f7600000p+1,,,,,
819,random,0x1.6743ac9bc0000p+3,0x1.dc1ba33800000p-1,,,,,
820,random,0x1.1520924c00000p-1,0x1.c780f3a200000p+1,,,,,
821,random,0x1.ac92dad080000p+2,0x1.3452a84600000p+1,,,,,
822,random,0x1.22de6673c0000p+3,0x1.3ff4071700000p+2,,,,,
823,random,0x1.e99e308500000p+1,0x1.6733a6e800000p-1,,,,,
824,random,0x1.1a17814180000p+2,0x1.325d56b200000p+1,,,,,
825,random,0x1.0d478987c0000p+3,0x1.930a35f300000p+2,,,,,
826,random,0x1.2d39ed4100000p+1,0x1.f0a07efb00000p+2,,,,,
827,random,0x1.a31e7a7400000p-1,0x1.7a354e2f00000p+2,,,,,
828,random,0x1.2e8c9b48c0000p+3,0x1.ca7fc52400000p+0,,,,,
829,random,0x1.ee3837a900000p+1,0x1.00ec83b000000p-2,,,,,
830,random,0x1.65bbf7cdc0000p+3,0x1.c71724d500000p+2,,,,,
831,random,0x1.641523be40000p+3,0x1.c0a3328e00000p+1,,,,,
832,random,0x1.50ed8c0c40000p+3,0x1.a7a0361700000p+2,,,,,
833,random,0x1.808e87e180000p+2,0x1.6d62365700000p+2,,,,,
834,random,0x1.f25570c580000p+2,0x1.4831aa7a00000p+1,,,,,
835,random,0x1.34a4fd79c0000p+3,0x1.371d0e9e00000p+1,,,,,
836,random,0x1.14396cf840000p+3,0x1.6782d8f700000p+2,,,,,
837,random,0x1.aeba946700000p+1,0x1.ae92aff000000p-2,,,,,
838,random,0x1.c5bb682700000p+1,0x1.c8ef574300000p+2,,,,,
839,random,0x1.a9ae77a400000p-1,0x1.a3eab2cc00000p+0,,,,,
840,random,0x1.e31ba0f980000p+2,0x1.ac1621da00000p+1,,,,,
841,random,0x1.650f99aa40000p+3,0x1.9416968100000p+2,,,,,
842,random,0x1.1201577180000p+2,0x1.e1faf53c00000p+0,,,,,
843,random,0x1.7143a95740000p+3,0x1.e6f0303c00000p+0,,,,,
844,random,0x1.28e5b43000000p-3,0x1.060de31e00000p+1,,,,,
845,random,0x1.5624f93780000p+2,0x1.2a5f6dee00000p+1,,,,,
846,random,0x1.43f1b72940000p+3,0x1.c657438c00000p+0,,,,,
847,random,0x1.6c1d9c4c80000p+2,0x1.9286245700000p+2,,,,,
848,random,0x1.52f60fe800000p-2,0x1.3547501900000p+2,,,,,
849,random,0x1.5f94843080000p+2,0x1.aa2bd53a00000p+1,,,,,
850,random,0x1.0668545580000p+2,0x1.2d4e118400000p+0,,,,,
851,random,0x1.48646a5940000p+3,0x1.cd9858a700000p+2,,,,,
852,random,0x1.7699856540000p+3,0x1.33e4d45d00000p+2,,,,,
853,random,0x1.6847574c00000p-1,0x1.d4f78c4400000p+0,,,,,
854,random,0x1.b84acffe00000p+0,0x1.b9cffad300000p+2,,,,,
855,random,0x1.9281b80800000p-2,0x1.cb9578e500000p+2,,,,,
856,random,0x1.72c2823f80000p+2,0x1.c015f6ce00000p+1,,,,,
857,random,0x1.ecd8fbb980000p+2,0x1.8c47895900000p+2,,,,,
858,random,0x1.f049b2ae00000p+0,0x1.31f7097c00000p+0,,,,,
859,random,0x1.048c328880000p+2,0x1.2e66c32a00000p+1,,,,,
860,random,0x1.cb39c90d80000p+2,0x1.ba6383a900000p+2,,,,,
861,random,0x1.b4ec416a00000p+0,0x1.faa23e3600000p+1,,,,,
862,random,0x1.63bbb6ad00000p+1,0x1.e9e1632500000p+2,,,,,
863,random,0x1.59221dffc0000p+3,0x1.a6fb92de00000p+1,,,,,
864,random,0x1.4342938bc0000p+3,0x1.74217e5d00000p+2,,,,,
865,random,0x1.a345867880000p+2,0x1.a87d10b400000p+0,,,,,
866,random,0x1.d52d870c80000p+2,0x1.d97066c500000p+2,,,,,
867,random,0x1.0bc42baf00000p+1,0x1.ab981e9e00000p+1,,,,,
868,random,0x1.0954497600000p+0,0x1.22cf42e700000p+2,,,,,
869,random,0x1.017957cc00000p-1,0x1.0cc68f8400000p+0,,,,,
870,random,0x1.49d1ddb580000p+2,0x1.3fd996e900000p+2,,,,,
871,random,0x1.b944e2ea00000p+0,0x1.5770a02900000p+2,,,,,
872,random,0x1.09dd6d9bc0000p+3,0x1.424446ef00000p+2,,,,,
873,random,0x1.ff924a3a00000p+0,0x1.6c38baf800000p-1,,,,,
874,random,0x1.4c1c85d700000p+1,0x1.0f56b65800000p-1,,,,,
875,random,0x1.5e6ffa5a00000p+0,0x1.5792c12a00000p+1,,,,,
876,random,0x1.4774923ec0000p+3,0x1.c915186000000p-3,,,,,
877,random,0x1.6531648c80000p+2,0x1.b4c72a3500000p+2,,,,,
878,random,0x1.be1bdae600000p+0,0x1.3d34079700000p+2,,,,,
879,random,0x1.1d61fbb700000p+1,0x1.147a59e400000p+0,,,,,
880,random,0x1.143065a9c0000p+3,0x1.85937fef00000p+2,,,,,
881,random,0x1.7cd073f2c0000p+3,0x1.c8a33add00000p+2,,,,,
882,random,0x1.991517ae00000p+0,0x1.7962249a00000p+1,,,,,
883,random,0x1.db55688480000p+2,0x1.31ccd32300000p+2,,,,,
884,random,0x1.08b822f1c0000p+3,0x1.a71b012a00000p+1,,,,,
885,random,0x1.629e664300000p+1,0x1.c40ba63000000p-2,,,,,
886,random,0x1.6e7d0a42c0000p+3,0x1.a4829c6300000p+2,,,,,
887,random,0x1.28a265be40000p+3,0x1.c77ad98e00000p+1,,,,,
888,random,0x1.2b26adfcc0000p+3,0x1.fe38415100000p+2,,,,,
889,random,0x1.fd53b1e300000p+1,0x1.9d4bf1a200000p+1,,,,,
890,random,0x1.ff59cfe280000p+2,0x1.f3fce9e400000p+0,,,,,
891,random,0x1.2e9e8f84c0000p+3,0x1.3909212600000p+1,,,,,
892,random,0x1.c3df103000000p-3,0x1.af107e3200000p+1,,,,,
893,random,0x1.4330b8b100000p+1,0x1.bbed8dc700000p+2,,,,,
894,random,0x1.10f796cfc0000p+3,0x1.3ebdabd200000p+1,,,,,
895,random,0x1.baa567cd00000p+1,0x1.e197b9e300000p+2,,,,,
896,random,0x1.35783d4100000p+1,0x1.d8487e2600000p+1,,,,,
897,random,0x1.43db5f9bc0000p+3,0x1.8f13b5b600000p+1,,,,,
898,random,0x1.7dc2dcff00000p+1,0x1.5158f14800000p-1,,,,,
899,random,0x1.067a8f0940000p+3,0x1.97f52bd000000p-2,,,,,
900,random,0x1.084cb1adc0000p+3,0x1.15b2ba8300000p+2,,,,,
901,random,0x1.2f55593d80000p+2,0x1.2f89bd9f00000p+2,,,,,
902,random,0x1.3064fdbb80000p+2,0x1.0b49029100000p+2,,,,,
903,random,0x1.4cc2132080000p+2,0x1.9846c09600000p+1,,,,,
904,random,0x1.412e6c0980000p+2,0x1.b45a760200000p+1,,,,,
905,random,0x1.962eb4eb00000p+1,0x1.8ee56afe00000p+1,,,,,
906,random,0x1.4d753e73c0000p+3,0x1.dfb5acb200000p+1,,,,,
907,random,0x1.7bf4d5bd40000p+3,0x1.c7533cb800000p-1,,,,,
908,random,0x1.490bd793c0000p+3,0x1.0394a72500000p+2,,,,,
909,random,0x1.6a4498ba00000p+0,0x1.d9e3db0800000p-1,,,,,
910,random,0x1.844087eb00000p+1,0x1.16faf22300000p+2,,,,,
911,random,0x1.db7c8d9700000p+1,0x1.109a569800000p-1,,,,,
912,random,0x1.9cc6030f80000p+2,0x1.23660c4000000p-4,,,,,
913,random,0x1.d901084a80000p+2,0x1.89298f3400000p+0,,,,,
914,random,0x1.255b062ac0000p+3,0x1.5aaf6a7000000p-2,,,,,
915,random,0x1.2ff84897c0000p+3,0x1.3e7bee3300000p+2,,,,,
916,random,0x1.1afab40200000p+0,0x1.38846e0200000p+1,,,,,
917,random,0x1.5534bc3040000p+3,0x1.b0ac61fb00000p+2,,,,,
918,random,0x1.4f3a245400000p-1,0x1.dd6826fd00000p+2,,,,,
919,random,0x1.89ea6db900000p+1,0x1.8ab5161600000p+1,,,,,
920,random,0x1.2d89d6dac0000p+3,0x1.c02895da00000p+1,,,,,
921,random,0x1.f241a17d00000p+1,0x1.e767516600000p+1,,,,,
922,random,0x1.54b375f840000p+3,0x1.0f025dc800000p-1,,,,,
923,random,0x1.5487a5e900000p+1,0x1.9a0f3beb00000p+2,,,,,
924,random,0x1.1c1dacef80000p+2,0x1.40f330c200000p+1,,,,,
925,random,0x1.99f8141780000p+2,0x1.c331febb00000p+2,,,,,
926,random,0x1.1fe8f29c40000p+3,0x1.fc57b99600000p+1,,,,,
927,random,0x1.d4524ed580000p+2,0x1.4a5047f500000p+2,,,,,
928,random,0x1.8152690880000p+2,0x1.3cd0000500000p+2,,,,,
929,random,0x1.12999d8980000p+2,0x1.842e54a000000p-3,,,,,
930,random,0x1.f84c86b280000p+2,0x1.3805ada800000p-1,,,,,
931,random,0x1.0be52bb5c0000p+3,0x1.f0fc7d9800000p-1,,,,,
932,random,0x1.b9c5e21e00000p+0,0x1.ea8eb44800000p-1,,,,,
933,random,0x1.25bdb4f7c0000p+3,0x1.da7546ad00000p+2,,,,,
934,random,0x1.d98f788a80000p+2,0x1.350fe09c00000p+0,,,,,
935,random,0x1.96bacb1f80000p+2,0x1.87b13fd000000p-2,,,,,
936,random,0x1.32e0405940000p+3,0x1.d34d5b4d00000p+2,,,,,
937,random,0x1.7a94e60f00000p+1,0x1.3fd26aa200000p+1,,,,,
938,random,0x1.7101f431c0000p+3,0x1.9f05114e00000p+1,,,,,
939,random,0x1.14e0f86f80000p+2,0x1.3b1b0b3f00000p+2,,,,,
940,random,0x1.a7392a9a80000p+2,0x1.179867f700000p+2,,,,,
941,random,0x1.c437b95b00000p+1,0x1.132d908200000p+1,,,,,
942,random,0x1.951dff7000000p-3,0x1.2ef0396d00000p+2,,,,,
943,random,0x1.76fabc3700000p+1,0x1.5350220300000p+2,,,,,
944,random,0x1.0c9f065540000p+3,0x1.648aac2e00000p+1,,,,,
945,random,0x1.6df11c6380000p+2,0x1.d4f2373a00000p+1,,,,,
946,random,0x1.db79e1ac00000p-1,0x1.96384f0200000p+1,,,,,
947,random,0x1.09d4ba69c0000p+3,0x1.ddb6e19900000p+2,,,,,
948,random,0x1.6355fc1300000p+1,0x1.4413a75e00000p+1,,,,,
949,random,0x1.8d55473380000p+2,0x1.aa07e7ea00000p+1,,,,,
950,random,0x1.56b15970c0000p+3,0x1.7d91807100000p+2,,,,,
951,random,0x1.d4dfa5ad00000p+1,0x1.02046c5600000p+1,,,,,
952,random,0x1.d96f012700000p+1,0x1.e485ff0e00000p+1,,,,,
953,random,0x1.6eb034e880000p+2,0x1.826ab8b200000p+1,,,,,
954,random,0x1.db6b83e200000p+0,0x1.89ae5cc100000p+2,,,,,
955,random,0x1.a56d2ee700000p+1,0x1.0b1c589200000p+1,,,,,
956,random,0x1.0392557100000p+1,0x1.9c33e47400000p+0,,,,,
957,random,0x1.0d47d41c80000p+2,0x1.3606f07600000p+1,,,,,
958,random,0x1.9572302700000p+1,0x1.32974d7000000p-2,,,,,
959,random,0x1.fdfe2d6680000p+2,0x1.89d2bb1600000p+1,,,,,
960,random,0x1.81946dea00000p+0,0x1.522b339b00000p+2,,,,,
961,random,0x1.49572e1a40000p+3,0x1.6846ee7300000p+2,,,,,
962,random,0x1.1f61283bc0000p+3,0x1.83a7043c00000p+0,,,,,
963,random,0x1.1729e03c80000p+2,0x1.df260c4500000p+2,,,,,
964,random,0x1.b2012d2880000p+2,0x1.fafbaebf00000p+2,,,,,
965,random,0x1.07cb3e8ac0000p+3,0x1.c4db325400000p+0,,,,,
966,random,0x1.78c2d84740000p+3,0x1.9952be0c00000p+0,,,,,
967,random,0x1.6a5ecca5c0000p+3,0x1.e1f1e43d00000p+2,,,,,
968,random,0x1.82ecad4c80000p+2,0x1.6075164100000p+2,,,,,
969,random,0x1.7fb75dd480000p+2,0x1.c2cafceb00000p+2,,,,,
970,random,0x1.e092a54f00000p+1,0x1.8fb8573b00000p+2,,,,,
971,random,0x1.3f0e18e4c0000p+3,0x1.ab37d8d000000p-2,,,,,
972,random,0x1.12b421d340000p+3,0x1.d9c37a4900000p+2,,,,,
973,random,0x1.04540943c0000p+3,0x1.e6a9948700000p+2,,,,,
974,random,0x1.cb47148180000p+2,0x1.b11eaad400000p+0,,,,,
975,random,0x1.c0272cb280000p+2,0x1.af87773100000p+2,,,,,
976,random,0x1.c8eac45a80000p+2,0x1.147478cc00000p+0,,,,,
977,random,0x1.4273245140000p+3,0x1.6b320ba300000p+2,,,,,
978,random,0x1.907fe0a400000p-1,0x1.e2b17bd000000p-2,,,,,
979,random,0x1.41938fe440000p+3,0x1.dd58e41500000p+2,,,,,
980,random,0x1.28a5798340000p+3,0x1.13bf401700000p+2,,,,,
981,random,0x1.f21447fe00000p+0,0x1.4cc9a4ea00000p+1,,,,,
982,random,0x1.3664607900000p+1,0x1.fdbc9a4b00000p+2,,,,,
983,random,0x1.5f939480c0000p+3,0x1.e5dc0de500000p+2,,,,,
984,random,0x1.6c45f78200000p+0,0x1.18f4e53100000p+2,,,,,
985,random,0x1.cf71171d80000p+2,0x1.b67d834f00000p+2,,,,,
986,random,0x1.6c7d60bb80000p+2,0x1.1285915600000p+1,,,,,
987,random,0x1.02129c1080000p+2,0x1.72a8f5b000000p-2,,,,,
988,random,0x1.b955e40e00000p+0,0x1.2a7f94ef00000p+2,,,,,
989,random,0x1.ea2c88aa00000p+0,0x1.c111714f00000p+2,,,,,
990,random,0x1.59d3cbc300000p+1,0x1.0ad28b6400000p+0,,,,,
991,random,0x1.32b4f0f840000p+3,0x1.6c9de4dc00000p+0,,,,,
992,random,0x1.524a5b4840000p+3,0x1.217fa98c00000p+0,,,,,
993,random,0x1.0998318000000p-6,0x1.9e5c7e4600000p+1,,,,,
994,random,0x1.335e37e1c0000p+3,0x1.24e7fa0400000p+0,,,,,
995,random,0x1.4e4d5c8680000p+2,0x1.863a29b200000p+1,,,,,
996,random,0x1.04c3068bc0000p+3,0x1.cfabf70d00000p+2,,,,,
997,random,0x1.8644f3ca00000p+0,0x1.53c0b4df00000p+2,,,,,
998,random,0x1.9543aad080000p+2,0x1.d075ab5200000p+1,,,,,
999,random,0x1.7d8261c400000p-1,0x1.ebcedd4a00000p+1,,,,,
1000,random,0x1.1dbe131240000p+3,0x1.4202a6d600000p+1,,,,,
1001,random,0x1.aaf2f0d480000p+2,0x1.1860eb1500000p+2,,,,,
1002,random,0x1.dd395b1700000p+1,0x1.e00f801e00000p+1,,,,,
1003,random,0x1.dac82ed500000p+1,0x1.eefa4b7300000p+2,,,,,
1004,random,0x1.6a48557f80000p+2,0x1.03c3d90c00000p+0,,,,,
1005,random,0x1.3fa0f1a080000p+2,0x1.939063bf00000p+2,,,,,
1006,random,0x1.38f0426840000p+3,0x1.f2b362a700000p+2,,,,,
1007,random,0x1.77752dd140000p+3,0x1.d93dff4800000p-1,,,,,
1008,random,0x1.d376b5dd00000p+1,0x1.da16c53d00000p+2,,,,,
1009,random,0x1.678b971e80000p+2,0x1.f1659bbe00000p+1,,,,,
1010,random,0x1.0809b49b40000p+3,0x1.90e7fad900000p+2,,,,,
1011,random,0x1.04eb939480000p+2,0x1.07d92ab500000p+2,,,,,
1012,random,0x1.ebf4384900000p+1,0x1.1cbce5b200000p+1,,,,,
1013,random,0x1.4cb3904280000p+2,0x1.e5c5e28200000p+1,,,,,
1014,random,0x1.f7e1007480000p+2,0x1.a54a6a8c00000p+0,,,,,
1015,random,0x1.bcb9e94e80000p+2,0x1.e6c6b3a200000p+1,,,,,
1016,random,0x1.539fc62c40000p+3,0x1.62715c0600000p+1,,,,,
1017,random,0x1.6ca5991c40000p+3,0x1.e6a4e17300000p+2,,,,,
1018,random,0x1.7782170e40000p+3,0x1.579fafdb00000p+2,,,,,
1019,random,0x1.1d8cc32c80000p+2,0x1.a12b8a5d00000p+2,,,,,
1020,random,0x1.5776f66040000p+3,0x1.49d6507b00000p+2,,,,,
1021,random,0x1.023001b240000p+3,0x1.d0b2cec600000p+1,,,,,
1022,random,0x1.7523b2a400000p-1,0x1.19bbc13b00000p+2,,,,,
1023,random,0x1.b5fe22f280000p+2,0x1.99e44dac00000p+0,,,,,
1024,random,0x1.2766a0b740000p+3,0x1.6cf1347600000p+1,,,,,
1025,random,0x1.10a5271b40000p+3,0x1.0fa4c61200000p+1,,,,,
1026,random,0x1.336e925080000p+2,0x1.ea21d26e00000p+1,,,,,
1027,random,0x1.2a05cf5700000p+1,0x1.779f875100000p+2,,,,,
1028,random,0x1.52a303bc40000p+3,0x1.ea56766200000p+1,,,,,
1029,random,0x1.3e13275000000p-3,0x1.4a06018700000p+2,,,,,
1030,random,0x1.5201ccb580000p+2,0x1.7c5bf03a00000p+1,,,,,
1031,random,0x1.d766f03780000p+2,0x1.db795b5400000p+0,,,,,
1032,random,0x1.a5e837a080000p+2,0x1.65b66a9900000p+2,,,,,
1033,random,0x1.ff1f519a00000p+0,0x1.dec61ffb00000p+2,,,,,
1034,random,0x1.abc186e480000p+2,0x1.9c47ec3100000p+2,,,,,
1035,random,0x1.033c2a8240000p+3,0x1.27ba5f8600000p+1,,,,,
1036,random,0x1.2370ed9680000p+2,0x1.9d38088a00000p+1,,,,,
1037,random,0x1.2514cc3f80000p+2,0x1.9b6746de00000p+1,,,,,
1038,random,0x1.c09021c980000p+2,0x1.812d0f3a00000p+1,,,,,
1039,random,0x1.4060581080000p+2,0x1.8afcf39300000p+2,,,,,
1040,random,0x1.ba4d454800000p-2,0x1.26e5092c00000p+0,,,,,
1041,random,0x1.d30b2f2100000p+1,0x1.da282e2700000p+2,,,,,
1042,random,0x1.bd74717f00000p+1,0x1.ae63661800000p-1,,,,,
1043,random,0x1.b0c56c9e80000p+2,0x1.d33ca95500000p+2,,,,,
1044,random,0x1.9e02a05280000p+2,0x1.da96ba3200000p+1,,,,,
1045,random,0x1.743ed32280000p+2,0x1.a7eb361a00000p+1,,,,,
1046,random,0x1.3c5ece5300000p+1,0x1.dcde092100000p+2,,,,,
1047,random,0x1.56158064c0000p+3,0x1.8ef5751300000p+2,,,,,
1048,random,0x1.0a40bd3e40000p+3,0x1.846c9a0a00000p+1,,,,,
1049,random,0x1.753e303cc0000p+3,0x1.fe8feea100000p+2,,,,,
1050,random,0x1.4a864d0b00000p+1,0x1.0d94b58b00000p+2,,,,,
1051,random,0x1.c40ee16980000p+2,0x1.636253fb00000p+2,,,,,
1052,random,0x1.1e3d2c2840000p+3,0x1.6255061f00000p+2,,,,,
1053,random,0x1.14d8267300000p+1,0x1.697772d300000p+2,,,,,
1054,random,0x1.6e1638f900000p+1,0x1.f54af90800000p-1,,,,,
1055,random,0x1.496074f380000p+2,0x1.c6b1916400000p+0,,,,,
1056,random,0x1.009e826d40000p+3,0x1.900c5b2300000p+2,,,,,
1057,random,0x1.20396033c0000p+3,0x1.869efc5200000p+1,,,,,
1058,random,0x1.174027f500000p+1,0x1.730624f300000p+2,,,,,
1059,random,0x1.1e7687e2c0000p+3,0x1.0cb3ee4400000p+0,,,,,
1060,random,0x1.3e5b390bc0000p+3,0x1.40eb9db900000p+2,,,,,
1061,random,0x1.161b6fa840000p+3,0x1.d70bca3100000p+2,,,,,
1062,random,0x1.5ee7c871c0000p+3,0x1.337a772000000p-3,,,,,
1063,random,0x1.054accc040000p+3,0x1.52a4531b00000p+2,,,,,
1064,random,0x1.b191513400000p-1,0x1.b2258fbe00000p+1,,,,,
1065,random,0x1.bd2e614680000p+2,0x1.0163ebe800000p-1,,,,,
1066,random,0x1.5cc22cc680000p+2,0x1.5b0b0e9e00000p+1,,,,,
1067,random,0x1.6a156e3500000p+1,0x1.c1aca5fd00000p+2,,,,,
1068,random,0x1.41895ee880000p+2,0x1.71fe0ff400000p+0,,,,,
1069,random,0x1.2e78b31b80000p+2,0x1.12e98f4600000p+1,,,,,
1070,random,0x1.2a2312cd80000p+2,0x1.b2bb588b00000p+2,,,,,
1071,random,0x1.caaff81180000p+2,0x1.0b76c3a500000p+2,,,,,
1072,random,0x1.217888b980000p+2,0x1.373c971900000p+2,,,,,
1073,random,0x1.5a672dcd00000p+1,0x1.8b65d0df00000p+2,,,,,
1074,random,0x1.bc42027d80000p+2,0x1.d188e3fc00000p+0,,,,,
1075,random,0x1.6989e94b40000p+3,0x1.4cd0438f00000p+2,,,,,
1076,random,0x1.8766cccf80000p+2,0x1.958a77fe00000p+1,,,,,
1077,random,0x1.dcb9b2d300000p+1,0x1.2ec1a22600000p+1,,,,,
1078,random,0x1.177a354b80000p+2,0x1.771d472000000p-3,,,,,
1079,random,0x1.a0524d4c00000p-1,0x1.4bc62ea500000p+2,,,,,
1080,random,0x1.e8a3f51a80000p+2,0x1.5b7c36e300000p+2,,,,,
1081,random,0x1.519315aa00000p+0,0x1.04c1a4e300000p+2,,,,,
1082,random,0x1.d1708a7580000p+2,0x1.911b0a0100000p+2,,,,,
1083,random,0x1.f243133d00000p+1,0x1.c6f0634500000p+2,,,,,
1084,random,0x1.28f1f6be80000p+2,0x1.c503c20100000p+2,,,,,
1085,random,0x1.404b284440000p+3,0x1.f071b63d00000p+2,,,,,
1086,random,0x1.3fdd531e40000p+3,0x1.77ac4ab800000p-1,,,,,
1087,random,0x1.6206727d40000p+3,0x1.4414ac0e00000p+1,,,,,
1088,random,0x1.0467f53dc0000p+3,0x1.7efe63db00000p+2,,,,,
1089,random,0x1.ab57a59080000p+2,0x1.8e1f136f00000p+2,,,,,
1090,random,0x1.df38348380000p+2,0x1.30f0a2ff00000p+2,,,,,
1091,random,0x1.6b7ec4c200000p+0,0x1.6a9d41f700000p+2,,,,,
1092,random,0x1.3be6a8e440000p+3,0x1.d3d5ce5900000p+2,,,,,
1093,random,0x1.53341baa00000p+0,0x1.98a8185200000p+1,,,,,
1094,random,0x1.6c561aec80000p+2,0x1.94bae7d600000p+1,,,,,
1095,random,0x1.7503aa30c0000p+3,0x1.bc232f2a00000p+1,,,,,
1096,random,0x1.68356a4ec0000p+3,0x1.0a20555800000p-1,,,,,
1097,random,0x1.753e4b6a80000p+2,0x1.6df662a200000p+1,,,,,
1098,random,0x1.9724caa980000p+2,0x1.86f2c07700000p+2,,,,,
1099,random,0x1.2abbadfe00000p+0,0x1.b9122b0c00000p+0,,,,,
1100,random,0x1.3ec99006c0000p+3,0x1.d230f22100000p+2,,,,,
1101,random,0x1.27122e82c0000p+3,0x1.da5aa33d00000p+2,,,,,
1102,random,0x1.aaa2109800000p-2,0x1.debfd6cd00000p+2,,,,,
1103,random,0x1.4b21e88b00000p+1,0x1.08fe6e5700000p+2,,,,,
1104,random,0x1.0cbee13b80000p+2,0x1.9d37253000000p-2,,,,,
1105,random,0x1.9910b99e00000p+0,0x1.5ad37e1e00000p+1,,,,,
1106,random,0x1.28e4758e00000p+0,0x1.1177f87a00000p+1,,,,,
1107,random,0x1.cb2a589080000p+2,0x1.820d120600000p+1,,,,,
1108,random,0x1.4455d355c0000p+3,0x1.0d608b9700000p+2,,,,,
1109,random,0x1.75b29889c0000p+3,0x1.4c2adba700000p+2,,,,,
1110,random,0x1.538c6dae00000p+0,0x1.57fe1fe500000p+2,,,,,
1111,random,0x1.0b67dd6300000p+1,0x1.bf767ed700000p+2,,,,,
1112,random,0x1.df3f5d0e80000p+2,0x1.0cb74c0d00000p+2,,,,,
1113,random,0x1.5f8f6928c0000p+3,0x1.2b70081000000p-2,,,,,
1114,random,0x1.2711153600000p+0,0x1.e8d2042400000p+0,,,,,
1115,random,0x1.01c1be9b00000p+1,0x1.4bf585be00000p+1,,,,,
1116,random,0x1.1a15c67080000p+2,0x1.565f2d4300000p+2,,,,,
1117,random,0x1.d9230f6800000p-2,0x1.5fd4d69400000p+0,,,,,
1118,random,0x1.96aae55180000p+2,0x1.a54eb16400000p+0,,,,,
1119,random,0x1.92a80b4180000p+2,0x1.9673972d00000p+2,,,,,
1120,random,0x1.2cafebbec0000p+3,0x1.9d19531700000p+2,,,,,
1121,random,0x1.210fe8ca00000p+0,0x1.5f25864300000p+2,,,,,
1122,random,0x1.90fe22f200000p+0,0x1.454bd4fa00000p+1,,,,,
1123,random,0x1.23227bd400000p-1,0x1.35ae1dcb00000p+2,,,,,
1124,random,0x1.67276e7400000p-1,0x1.3cd189c500000p+2,,,,,
1125,random,0x1.5625c70940000p+3,0x1.063d16e700000p+2,,,,,
1126,random,0x1.a3ae65a580000p+2,0x1.7f416c8400000p+0,,,,,
1127,random,0x1.46054b0500000p+1,0x1.e8fa875200000p+1,,,,,
1128,random,0x1.3cc2c2ca00000p+0,0x1.09866d7000000p-2,,,,,
1129,random,0x1.c80d85b980000p+2,0x1.c2039d2200000p+1,,,,,
1130,random,0x1.7547e51340000p+3,0x1.b6e68d2e00000p+1,,,,,
1131,random,0x1.eee86c9300000p+1,0x1.b63d89b400000p+0,,,,,
1132,random,0x1.28b2707340000p+3,0x1.7afb80a100000p+2,,,,,
1133,random,0x1.6746f70740000p+3,0x1.4195998b00000p+2,,,,,
1134,random,0x1.a452452a80000p+2,0x1.5ada849700000p+2,,,,,
1135,random,0x1.60d3020c80000p+2,0x1.4c0150ca00000p+1,,,,,
1136,random,0x1.63d9217c00000p-1,0x1.1da896bf00000p+2,,,,,
1137,random,0x1.59e1b64540000p+3,0x1.4a24d4dd00000p+2,,,,,
1138,random,0x1.888c596600000p+0,0x1.523c05e500000p+2,,,,,
1139,random,0x1.6859c08a40000p+3,0x1.efcd8f8400000p+0,,,,,
1140,random,0x1.6c061f9640000p+3,0x1.5063eea100000p+2,,,,,
1141,random,0x1.fba28e1b80000p+2,0x1.e4655e6300000p+2,,,,,
1142,random,0x1.0cfbc98340000p+3,0x1.51fef34c00000p+0,,,,,
1143,random,0x1.6480e648c0000p+3,0x1.e66fedf600000p+1,,,,,
1144,random,0x1.8dd6328180000p+2,0x1.66293dde00000p+1,,,,,
1145,random,0x1.5a0ca1f240000p+3,0x1.c3829a3500000p+2,,,,,
1146,random,0x1.b4bfd73b80000p+2,0x1.fc25cf2b00000p+2,,,,,
1147,random,0x1.26540cd080000p+2,0x1.e60028cb00000p+2,,,,,
1148,random,0x1.de45306200000p+0,0x1.b6f70a0f00000p+2,,,,,
1149,random,0x1.59c6d57800000p-2,0x1.a882690000000p-6,,,,,
1150,random,0x1.15bc970d40000p+3,0x1.0662e7ab00000p+2,,,,,
1151,random,0x1.491139f8c0000p+3,0x1.474fe29a00000p+1,,,,,
1152,random,0x1.7eb5c6ae40000p+3,0x1.9b3e0c3200000p+1,,,,,
1153,random,0x1.6d19682d40000p+3,0x1.72363a4b00000p+2,,,,,
1154,random,0x1.ce6a29d800000p-2,0x1.3835af0200000p+1,,,,,
1155,random,0x1.2120777f00000p+1,0x1.28c8415800000p-1,,,,,
1156,random,0x1.2c7ba116c0000p+3,0x1.688a635a00000p+1,,,,,
1157,random,0x1.7d41650bc0000p+3,0x1.2a44123f00000p+2,,,,,
1158,random,0x1.5a99d67480000p+2,0x1.659bdfe500000p+2,,,,,
1159,random,0x1.03c2daeec0000p+3,0x1.8f6e05eb00000p+2,,,,,
1160,random,0x1.a79b218b00000p+1,0x1.656d4edb00000p+2,,,,,
1161,random,0x1.29c4770a80000p+2,0x1.bb6d7dc000000p-4,,,,,
1162,random,0x1.5c3ae18c00000p-1,0x1.5ac4e2b800000p-1,,,,,
1163,random,0x1.f019979d80000p+2,0x1.73e37b8700000p+2,,,,,
1164,random,0x1.2e1b5c6080000p+2,0x1.8f851ac300000p+2,,,,,
1165,random,0x1.64490d59c0000p+3,0x1.7e540d5b00000p+2,,,,,
1166,random,0x1.53cb425500000p+1,0x1.b55271cc00000p+0,,,,,
1167,random,0x1.12af11eb40000p+3,0x1.6f8c8a7700000p+2,,,,,
1168,random,0x1.ec75d64d00000p+1,0x1.5444e0f200000p+1,,,,,
1169,random,0x1.034eb1a1c0000p+3,0x1.b883eaf400000p+0,,,,,
1170,random,0x1.64e06d3580000p+2,0x1.5433432300000p+2,,,,,
1171,random,0x1.7eaffe8600000p+0,0x1.97b0d0e400000p+0,,,,,
1172,random,0x1.1b610c79c0000p+3,0x1.8a96b36e00000p+1,,,,,
1173,random,0x1.05870da4c0000p+3,0x1.96bd2e7f00000p+2,,,,,
1174,random,0x1.26b986d7c0000p+3,0x1.d34fc18900000p+2,,,,,
1175,random,0x1.3a54ac1200000p+0,0x1.f0c573e100000p+2,,,,,
1176,random,0x1.c5b69d7980000p+2,0x1.2df06b5f00000p+2,,,,,
1177,random,0x1.cd081c7000000p-3,0x1.0854157700000p+2,,,,,
1178,random,0x1.2277153140000p+3,0x1.9300fba900000p+2,,,,,
1179,random,0x1.0b2cfbaf40000p+3,0x1.38c7183200000p+1,,,,,
1180,random,0x1.5f20a74a00000p+0,0x1.4a7d5cc900000p+2,,,,,
1181,random,0x1.3b1ce69180000p+2,0x1.7167c2a500000p+2,,,,,
1182,random,0x1.5f5ba5b840000p+3,0x1.9a25f2b500000p+2,,,,,
1183,random,0x1.5362627f40000p+3,0x1.242e853100000p+2,,,,,
1184,random,0x1.0eb678a240000p+3,0x1.3f6188da00000p+1,,,,,
1185,random,0x1.0d7b161200000p+0,0x1.1376d72e00000p+1,,,,,
1186,random,0x1.12074eafc0000p+3,0x1.bd58624000000p-4,,,,,
1187,random,0x1.a8d96d2700000p+1,0x1.f45ef1f900000p+2,,,,,
1188,random,0x1.7234bfc8c0000p+3,0x1.c6aab0f900000p+2,,,,,
1189,random,0x1.4b53c675c0000p+3,0x1.9d14a26600000p+1,,,,,
1190,random,0x1.365f725580000p+2,0x1.44cc0c3e00000p+1,,,,,
1191,random,0x1.6645704480000p+2,0x1.547f6a9700000p+2,,,,,
1192,random,0x1.9a60c3d600000p+0,0x1.2bb1050000000p-6,,,,,
1193,random,0x1.66b91b6d80000p+2,0x1.172ce01e00000p+1,,,,,
1194,random,0x1.25dc3dbc00000p-1,0x1.7bc81c8500000p+2,,,,,
1195,random,0x1.1e8e0bb240000p+3,0x1.fe159cb500000p+2,,,,,
1196,random,0x1.f99ad1c980000p+2,0x1.ed30a69600000p+1,,,,,
1197,random,0x1.fc6c51a580000p+2,0x1.3d0e1be000000p-3,,,,,
1198,random,0x1.3b3525e040000p+3,0x1.791dfaa900000p+2,,,,,
1199,random,0x1.099ac4cd80000p+2,0x1.bb2b168c00000p+0,,,,,
1200,random,0x1.10b894cb00000p+1,0x1.4b5885f400000p+0,,,,,
1201,random,0x1.f539ad8f80000p+2,0x1.d369bade00000p+1,,,,,
1202,random,0x1.8086ae5980000p+2,0x1.2aca3b6a00000p+1,,,,,
1203,random,0x1.12658b8b40000p+3,0x1.fd0df1e900000p+2,,,,,
1204,random,0x1.d529a6c200000p+0,0x1.1606aa0a00000p+1,,,,,
1205,random,0x1.7331303fc0000p+3,0x1.8c6a04bf00000p+2,,,,,
1206,random,0x1.4a4d1f1e00000p+0,0x1.ccc5de4d00000p+2,,,,,
1207,random,0x1.01c4c351c0000p+3,0x1.37af633d00000p+2,,,,,
1208,random,0x1.6864717080000p+2,0x1.01d8763200000p+1,,,,,
1209,random,0x1.128364c380000p+2,0x1.4764ef7200000p+1,,,,,
1210,random,0x1.064edb9d40000p+3,0x1.f865668d00000p+2,,,,,
1211,random,0x1.ac761c1100000p+1,0x1.7f930df700000p+2,,,,,
1212,random,0x1.0a3fc80680000p+2,0x1.8261abd800000p-1,,,,,
1213,random,0x1.31ea86bc00000p-1,0x1.bb86058800000p-1,,,,,
1214,random,0x1.58bbad7000000p-3,0x1.612949a200000p+1,,,,,
1215,random,0x1.54b44d9240000p+3,0x1.e268c29a00000p+1,,,,,
1216,random,0x1.9c44b1fd80000p+2,0x1.f81f0f6a00000p+1,,,,,
1217,random,0x1.67070834c0000p+3,0x1.c932767e00000p+1,,,,,
1218,random,0x1.2f8b75a580000p+2,0x1.be74f5a100000p+2,,,,,
1219,random,0x1.66acb27ec0000p+3,0x1.6e42839700000p+2,,,,,
1220,random,0x1.c3a40db300000p+1,0x1.98d1b8b900000p+2,,,,,
1221,random,0x1.0286439fc0000p+3,0x1.e591fa0900000p+2,,,,,
1222,random,0x1.f208548500000p+1,0x1.7015dc8100000p+2,,,,,
1223,random,0x1.69f9e74940000p+3,0x1.75dfde0400000p+0,,,,,
1224,random,0x1.60ad4e3fc0000p+3,0x1.9165b8be00000p+1,,,,,
1225,random,0x1.28e71e0e80000p+2,0x1.28d6f38100000p+2,,,,,
1226,random,0x1.184cbb9a80000p+2,0x1.bad284cb00000p+2,,,,,
1227,random,0x1.58c190d5c0000p+3,0x1.0531646e00000p+1,,,,,
1228,random,0x1.11c1e1efc0000p+3,0x1.ee73b46100000p+2,,,,,
1229,random,0x1.7cec5cdec0000p+3,0x1.6dbef8e000000p-3,,,,,
1230,random,0x1.c6c83d2d80000p+2,0x1.80c3387400000p+0,,,,,
1231,random,0x1.3a9c729c40000p+3,0x1.be61ccd500000p+2,,,,,
1232,random,0x1.8c4a63bb00000p+1,0x1.f9e6425700000p+2,,,,,
1233,random,0x1.51dfe8ab00000p+1,0x1.63de42a100000p+2,,,,,
1234,random,0x1.8b12cf3a00000p+0,0x1.a514f10700000p+2,,,,,
1235,random,0x1.2e96bed440000p+3,0x1.51da7ba300000p+2,,,,,
1236,random,0x1.49452c0440000p+3,0x1.1de919ae00000p+1,,,,,
1237,random,0x1.19b8063d80000p+2,0x1.247b901700000p+2,,,,,
1238,random,0x1.0f8a675080000p+2,0x1.2e7c8da900000p+2,,,,,
1239,random,0x1.f91dd67e80000p+2,0x1.8c24fef000000p-2,,,,,
1240,random,0x1.654b7bf900000p+1,0x1.784359cc00000p+0,,,,,
1241,random,0x1.2e5e34ed80000p+2,0x1.05bcad9400000p+0,,,,,
1242,random,0x1.2480bd15c0000p+3,0x1.6aada5f000000p-2,,,,,
1243,random,0x1.060d420700000p+1,0x1.0a3205c300000p+2,,,,,
1244,random,0x1.8af7c3e680000p+2,0x1.2b20ec5f00000p+2,,,,,
1245,random,0x1.b960c91500000p+1,0x1.261ca15200000p+1,,,,,
1246,random,0x1.4f190c5040000p+3,0x1.73443ade00000p+1,,,,,
1247,random,0x1.1887387080000p+2,0x1.0210124f00000p+2,,,,,
1248,random,0x1.26214fff80000p+2,0x1.d95f594200000p+1,,,,,
1249,random,0x1.b831d1a480000p+2,0x1.25ad549600000p+1,,,,,
1250,random,0x1.3d35f29000000p-3,0x1.19a3717d00000p+2,,,,,
1251,random,0x1.1b3d1b4900000p+1,0x1.ba11f80500000p+2,,,,,
1252,random,0x1.6a7d92ed00000p+1,0x1.175efd7b00000p+2,,,,,
1253,random,0x1.6a0699c1c0000p+3,0x1.ac8099dc00000p+0,,,,,
1254,random,0x1.7dc4dc7480000p+2,0x1.403a358800000p-1,,,,,
1255,random,0x1.dfa405ba00000p+0,0x1.e1d9217300000p+2,,,,,
1256,random,0x1.daa212ac80000p+2,0x1.ee79b4c500000p+2,,,,,
1257,random,0x1.1228e40f40000p+3,0x1.50a20b8a00000p+1,,,,,
1258,random,0x1.5e55ade980000p+2,0x1.12ce1c9d00000p+2,,,,,
1259,random,0x1.c9d670e580000p+2,0x1.855034e900000p+2,,,,,
1260,random,0x1.71c78b5800000p-2,0x1.e30355dd00000p+2,,,,,
1261,random,0x1.4543de9100000p+1,0x1.bd01cdb900000p+2,,,,,
1262,random,0x1.205629f140000p+3,0x1.063ba32800000p-1,,,,,
1263,random,0x1.c17ba34f80000p+2,0x1.6698160800000p-1,,,,,
1264,random,0x1.9b78dd2980000p+2,0x1.b2e3bcb500000p+2,,,,,
1265,random,0x1.207641b340000p+3,0x1.3cdb374400000p+0,,,,,
1266,random,0x1.44db788400000p-1,0x1.eb2e4a2500000p+2,,,,,
1267,random,0x1.71a832bc80000p+2,0x1.bd27f26100000p+2,,,,,
1268,random,0x1.6d32e1be40000p+3,0x1.eef42ada00000p+1,,,,,
1269,random,0x1.ad214c3080000p+2,0x1.92a0e25b00000p+2,,,,,
1270,random,0x1.a2957ccc80000p+2,0x1.b2366d1800000p-1,,,,,
1271,random,0x1.2e0d6f60c0000p+3,0x1.9566694600000p+1,,,,,
1272,random,0x1.c073ce9e00000p+0,0x1.f4fc387700000p+2,,,,,
1273,random,0x1.3650290100000p+1,0x1.96ab8fe500000p+2,,,,,
1274,random,0x1.7b59d3aa00000p+0,0x1.f7899d9700000p+2,,,,,
1275,random,0x1.8a35ec5080000p+2,0x1.4b614abd00000p+2,,,,,
1276,random,0x1.fde3b01e00000p+0,0x1.42c67aa200000p+1,,,,,
1277,random,0x1.3a243ef2c0000p+3,0x1.1ffd164900000p+2,,,,,
1278,random,0x1.28e67f2e00000p+0,0x1.55750ffc00000p+0,,,,,
1279,random,0x1.06aed86500000p+1,0x1.2340577000000p-2,,,,,
1280,random,0x1.9eba755d00000p+1,0x1.a8057ea800000p-1,,,,,
1281,random,0x1.eae9ff5d00000p+1,0x1.fd79c87800000p-1,,,,,
1282,random,0x1.b253a70c00000p-1,0x1.affd878000000p-5,,,,,
1283,random,0x1.c603a8ce00000p+0,0x1.855d1e4a00000p+1,,,,,
1284,random,0x1.dd160b9c00000p-1,0x1.1c34278100000p+2,,,,,
1285,random,0x1.714ac31780000p+2,0x1.06c21cf000000p-2,,,,,
1286,random,0x1.6f2aca8ec0000p+3,0x1.8cd50aec00000p+0,,,,,
1287,random,0x1.1e0b5f5200000p+0,0x1.30a667ed00000p+2,,,,,
1288,random,0x1.3f54433e80000p+2,0x1.feb7a67f00000p+2,,,,,
1289,random,0x1.376174a600000p+0,0x1.13fa680700000p+2,,,,,
1290,random,0x1.f7e0ce2700000p+1,0x1.c85f071700000p+2,,,,,
1291,random,0x1.da43b3d980000p+2,0x1.99a8517d00000p+2,,,,,
1292,random,0x1.8f7b591600000p+0,0x1.c1cf8c5b00000p+2,,,,,
1293,random,0x1.4712889a40000p+3,0x1.391ac24d00000p+2,,,,,
1294,random,0x1.3f7fea2f80000p+2,0x1.2972534400000p+0,,,,,
1295,random,0x1.93c8202500000p+1,0x1.cea6e7be00000p+1,,,,,
1296,random,0x1.8c1333ef00000p+1,0x1.83d3291b00000p+2,,,,,
1297,random,0x1.759af1d800000p-2,0x1.dba8e16b00000p+2,,,,,
1298,random,0x1.7d326934c0000p+3,0x1.6322dd4c00000p+0,,,,,
1299,random,0x1.eb0a633480000p+2,0x1.c17b7c8000000p-5,,,,,
1300,random,0x1.acaa6b8280000p+2,0x1.3e83c98500000p+2,,,,,
1301,random,0x1.eab8220f00000p+1,0x1.237ad91a00000p+1,,,,,
1302,random,0x1.8cd9e7b600000p+0,0x1.4ad1f74e00000p+1,,,,,
1303,random,0x1.a4f027ee80000p+2,0x1.0778e10800000p-1,,,,,
1304,random,0x1.9c4a8a5580000p+2,0x1.3bf99a0700000p+2,,,,,
1305,random,0x1.0b68ae7fc0000p+3,0x1.c94b852600000p+1,,,,,
1306,random,0x1.7d1e559740000p+3,0x1.ae3675eb00000p+2,,,,,
1307,random,0x1.57e8d6c240000p+3,0x1.82844f3f00000p+2,,,,,
1308,random,0x1.7a3ab41100000p+1,0x1.fd417ce000000p-3,,,,,
1309,random,0x1.1fb3829280000p+2,0x1.24947fa700000p+2,,,,,
1310,random,0x1.a2a9e0a880000p+2,0x1.c0b001a300000p+2,,,,,
1311,random,0x1.2442851fc0000p+3,0x1.3f6ea76a00000p+1,,,,,
1312,random,0x1.6d50bb5ec0000p+3,0x1.14cff62d00000p+2,,,,,
1313,random,0x1.8d78bf2d00000p+1,0x1.648a79bd00000p+2,,,,,
1314,random,0x1.81f5e6b500000p+1,0x1.645e769f00000p+2,,,,,
1315,random,0x1.59dc6563c0000p+3,0x1.60d7f62200000p+1,,,,,
1316,random,0x1.0d8daade80000p+2,0x1.104efa4a00000p+1,,,,,
1317,random,0x1.34eb25f8c0000p+3,0x1.91d5d3a500000p+2,,,,,
1318,random,0x1.079ea8c980000p+2,0x1.b760829100000p+2,,,,,
1319,random,0x1.439cc3c700000p+1,0x1.f4da402400000p+0,,,,,
1320,random,0x1.a9e0436880000p+2,0x1.444bf76700000p+2,,,,,
1321,random,0x1.697127db00000p+1,0x1.1c65aecf00000p+2,,,,,
1322,random,0x1.e22c01d480000p+2,0x1.9f4325f800000p-1,,,,,
1323,random,0x1.2a27853f40000p+3,0x1.2abd205b00000p+2,,,,,
1324,random,0x1.e683739480000p+2,0x1.12268f7300000p+2,,,,,
1325,random,0x1.7a4c15a4c0000p+3,0x1.17c1b4d400000p+0,,,,,
1326,random,0x1.d624aeca00000p+0,0x1.58cef6bf00000p+2,,,,,
1327,random,0x1.02000282c0000p+3,0x1.089c22fd00000p+2,,,,,
1328,random,0x1.34ed482440000p+3,0x1.80beef0600000p+1,,,,,
1329,random,0x1.f6a8d09880000p+2,0x1.caaab90200000p+1,,,,,
1330,random,0x1.ee02e52680000p+2,0x1.57cce48800000p-1,,,,,
1331,random,0x1.7abd6a4a00000p+0,0x1.062f708d00000p+2,,,,,
1332,random,0x1.b2eb329b80000p+2,0x1.ccb427c200000p+1,,,,,
1333,random,0x1.2560cbf080000p+2,0x1.138e6a4f00000p+2,,,,,
1334,random,0x1.d869738800000p-2,0x1.065f2f3600000p+1,,,,,
1335,random,0x1.cd075c2200000p+0,0x1.956d1cde00000p+1,,,,,
1336,random,0x1.289c914a40000p+3,0x1.87d75a2d00000p+2,,,,,
1337,random,0x1.50e75eb840000p+3,0x1.ec41f8c800000p-1,,,,,
1338,random,0x1.7b599efd00000p+1,0x1.2b0809bf00000p+2,,,,,
1339,random,0x1.63fd5bb340000p+3,0x1.2a94140e00000p+1,,,,,
1340,random,0x1.0231776600000p+0,0x1.f18d211f00000p+2,,,,,
1341,random,0x1.13a6a935c0000p+3,0x1.1739659900000p+2,,,,,
1342,random,0x1.9eaf230900000p+1,0x1.805d40d600000p+1,,,,,
1343,random,0x1.ab5d3f3800000p-2,0x1.77965f3400000p+0,,,,,
1344,random,0x1.569bfd8e80000p+2,0x1.f5025ce800000p-1,,,,,
1345,random,0x1.e595659000000p-3,0x1.4f2b17c700000p+2,,,,,
1346,random,0x1.44287d0c00000p-1,0x1.641b757800000p-1,,,,,
1347,random,0x1.44c05808c0000p+3,0x1.00ef6c5000000p-2,,,,,
1348,random,0x1.2b1fffc300000p+1,0x1.530d998600000p+1,,,,,
1349,random,0x1.c7ff361480000p+2,0x1.8459558d00000p+2,,,,,
1350,random,0x1.1d9bd2f340000p+3,0x1.2116e9e500000p+2,,,,,
1351,random,0x1.ff2bd3bb80000p+2,0x1.797b312a00000p+1,,,,,
1352,random,0x1.19deb07040000p+3,0x1.4d925da600000p+1,,,,,
1353,random,0x1.f3990ac700000p+1,0x1.a59dbd8300000p+2,,,,,
1354,random,0x1.08df3a2800000p-2,0x1.8183391500000p+2,,,,,
1355,random,0x1.198c6b7440000p+3,0x1.246c73ff00000p+2,,,,,
1356,random,0x1.1727d1ba40000p+3,0x1.5601f08a00000p+1,,,,,
1357,random,0x1.527d591800000p-2,0x1.8e82fdc100000p+2,,,,,
1358,random,0x1.a1a3c75680000p+2,0x1.e427d80b00000p+2,,,,,
1359,random,0x1.98cbb41300000p+1,0x1.b6930fc200000p+1,,,,,
1360,random,0x1.9cb246bd00000p+1,0x1.8ea3460800000p-1,,,,,
1361,random,0x1.d4bd0f3900000p+1,0x1.cb3328ad00000p+2,,,,,
1362,random,0x1.f93cab9c80000p+2,0x1.01e2262e00000p+1,,,,,
1363,random,0x1.6398222000000p-4,0x1.9ae2cbb000000p-2,,,,,
1364,random,0x1.6b2aecca00000p+0,0x1.235d7b3f00000p+2,,,,,
1365,random,0x1.fe292e3600000p+0,0x1.ecd62a3200000p+1,,,,,
1366,random,0x1.b0c81e5f80000p+2,0x1.9138d44500000p+2,,,,,
1367,random,0x1.02f30a3b00000p+1,0x1.e43e4b8800000p-1,,,,,
1368,random,0x1.3800de8940000p+3,0x1.be4612bd00000p+2,,,,,
1369,random,0x1.849178f580000p+2,0x1.1f2a21cc00000p+0,,,,,
1370,random,0x1.20e242f380000p+2,0x1.d4e5a2a300000p+2,,,,,
1371,random,0x1.1db070ae00000p+0,0x1.0027dc3500000p+2,,,,,
1372,random,0x1.a16b585d00000p+1,0x1.cf368dfb00000p+2,,,,,
1373,random,0x1.383235aac0000p+3,0x1.230046ce00000p+1,,,,,
1374,random,0x1.52da899cc0000p+3,0x1.2ff1a96e00000p+1,,,,,
1375,random,0x1.8188242380000p+2,0x1.f136026300000p+2,,,,,
1376,random,0x1.6d21ae2bc0000p+3,0x1.3082dbe500000p+2,,,,,
1377,random,0x1.aec6567980000p+2,0x1.df170b6300000p+2,,,,,
1378,random,0x1.e6082e0f00000p+1,0x1.b8a00a4d00000p+2,,,,,
1379,random,0x1.54f8e97b40000p+3,0x1.6cafd30d00000p+2,,,,,
1380,random,0x1.5456780180000p+2,0x1.affd2c3000000p-2,,,,,
1381,random,0x1.712b46fd00000p+1,0x1.0987605d00000p+2,,,,,
1382,random,0x1.32d1954880000p+2,0x1.6d382d4800000p-1,,,,,
1383,random,0x1.c21c8d2480000p+2,0x1.1c24126e00000p+1,,,,,
1384,random,0x1.abb0aec600000p+0,0x1.9504121a00000p+1,,,,,
1385,random,0x1.373ca83dc0000p+3,0x1.d223a2b600000p+1,,,,,
1386,random,0x1.d27d770400000p-1,0x1.d14529b400000p+0,,,,,
1387,random,0x1.144e6240c0000p+3,0x1.7b384ee800000p-1,,,,,
1388,random,0x1.5276cd0980000p+2,0x1.5aca826700000p+2,,,,,
1389,random,0x1.83bc97ae00000p+0,0x1.6cda9ae600000p+1,,,,,
1390,random,0x1.3f6ba4c700000p+1,0x1.5e715d5c00000p+0,,,,,
1391,random,0x1.873159b900000p+1,0x1.50bbbdc700000p+2,,,,,
1392,random,0x1.723cf63440000p+3,0x1.adc2ce6300000p+2,,,,,
1393,random,0x1.0ce73e3600000p+0,0x1.b7c2c79900000p+2,,,,,
1394,random,0x1.d4945f5e80000p+2,0x1.a7deded600000p+1,,,,,
1395,random,0x1.42902cc540000p+3,0x1.67c734f200000p+1,,,,,
1396,random,0x1.236a4f3280000p+2,0x1.ce65695800000p-1,,,,,
1397,random,0x1.2b35cf6800000p-2,0x1.11d8553500000p+2,,,,,
1398,random,0x1.76979c6480000p+2,0x1.50e9d43d00000p+2,,,,,
1399,random,0x1.fbbda1e380000p+2,0x1.bbe2ddd400000p+0,,,,,
1400,random,0x1.02f5ea9e80000p+2,0x1.9945357000000p-2,,,,,
1401,random,0x1.3b466be1c0000p+3,0x1.608b06a800000p-1,,,,,
1402,random,0x1.d143adb700000p+1,0x1.5a6fea8600000p+1,,,,,
1403,random,0x1.4e00a34c00000p-1,0x1.82b41bea00000p+1,,,,,
1404,random,0x1.6f7a3f90c0000p+3,0x1.bb518a8b00000p+2,,,,,
1405,random,0x1.fdc8744080000p+2,0x1.a480629600000p+1,,,,,
1406,random,0x1.d028ccbe80000p+2,0x1.1603d9a300000p+2,,,,,
1407,random,0x1.ab4bc38000000p-6,0x1.b16e72bd00000p+2,,,,,
1408,random,0x1.1c1338cd00000p+1,0x1.82d45afb00000p+2,,,,,
1409,random,0x1.1b45403040000p+3,0x1.3a2f40d400000p+0,,,,,
1410,random,0x1.fea450ec00000p-1,0x1.ce89c77d00000p+2,,,,,
1411,random,0x1.f9e59a1b00000p+1,0x1.1af9ee5300000p+2,,,,,
1412,random,0x1.ba0f9f2480000p+2,0x1.941b5b1500000p+2,,,,,
1413,random,0x1.81c7d3a980000p+2,0x1.0a383f7700000p+2,,,,,
1414,random,0x1.1539864d40000p+3,0x1.43d2f84f00000p+2,,,,,
1415,random,0x1.6484b7dd80000p+2,0x1.b785bf8200000p+1,,,,,
1416,random,0x1.1dfa44ec40000p+3,0x1.62b7b66300000p+2,,,,,
1417,random,0x1.0af9984c40000p+3,0x1.1d1a980e00000p+1,,,,,
1418,random,0x1.7431cc9440000p+3,0x1.b299e99800000p-1,,,,,
1419,random,0x1.5d6bdcbfc0000p+3,0x1.0317201900000p+2,,,,,
1420,random,0x1.10fee91a40000p+3,0x1.6ad8313c00000p+0,,,,,
1421,random,0x1.4bf0f2a980000p+2,0x1.0e866dc700000p+2,,,,,
1422,random,0x1.1e1f097a80000p+2,0x1.340ef6a800000p-1,,,,,
1423,random,0x1.e4f75da180000p+2,0x1.0bb4811800000p-1,,,,,
1424,random,0x1.af4b2f9200000p+0,0x1.fc4143ae00000p+1,,,,,
1425,random,0x1.2b4f26ea40000p+3,0x1.fc9a17a700000p+2,,,,,
1426,random,0x1.8556d27880000p+2,0x1.b89513b600000p+1,,,,,
1427,random,0x1.767720bc40000p+3,0x1.8185fc6c00000p+0,,,,,
1428,random,0x1.37ebdb8040000p+3,0x1.93f1da6200000p+1,,,,,
1429,random,0x1.361d070800000p-2,0x1.a2afbeb800000p-1,,,,,
1430,random,0x1.378f8a7ac0000p+3,0x1.446df30200000p+1,,,,,
1431,random,0x1.d61b0b7400000p-1,0x1.3148708700000p+2,,,,,
1432,random,0x1.e1d1f5f100000p+1,0x1.fe5c76aa00000p+1,,,,,
1433,random,0x1.f620b6a780000p+2,0x1.c550c98f00000p+2,,,,,
1434,random,0x1.ddd5bd2280000p+2,0x1.4f34be8a00000p+1,,,,,
1435,random,0x1.0672dfe440000p+3,0x1.6f7402eb00000p+2,,,,,
1436,random,0x1.29d2175500000p+1,0x1.d8b239cc00000p+0,,,,,
1437,random,0x1.38d162c440000p+3,0x1.b3a32c6900000p+2,,,,,
1438,random,0x1.00da52c380000p+2,0x1.188e79c300000p+2,,,,,
1439,random,0x1.91986fce00000p+0,0x1.df045f9800000p-1,,,,,
1440,random,0x1.6450ba1700000p+1,0x1.1ac2b04c00000p+0,,,,,
1441,random,0x1.381451d180000p+2,0x1.fa63c69d00000p+2,,,,,
1442,random,0x1.3fcf35c540000p+3,0x1.105c778200000p+1,,,,,
1443,random,0x1.05adfbd940000p+3,0x1.0a4efb6900000p+2,,,,,
1444,random,0x1.1b98270d80000p+2,0x1.84d7c95400000p+0,,,,,
1445,random,0x1.85033ac000000p-5,0x1.28c99c4b00000p+2,,,,,
1446,random,0x1.525bb8b540000p+3,0x1.6fb5420c00000p+0,,,,,
1447,random,0x1.61fbad6900000p+1,0x1.1529922a00000p+1,,,,,
1448,random,0x1.61f343d980000p+2,0x1.03d9056d00000p+2,,,,,
1449,random,0x1.77939d9e00000p+0,0x1.385aa03400000p+0,,,,,
1450,random,0x1.59afe01a40000p+3,0x1.ae30106a00000p+1,,,,,
1451,random,0x1.158713e980000p+2,0x1.6c3c342a00000p+1,,,,,
1452,random,0x1.0239741000000p-3,0x1.0b29293100000p+2,,,,,
1453,random,0x1.58abc8ee40000p+3,0x1.eaf4deaa00000p+1,,,,,
1454,random,0x1.bd8b78fe80000p+2,0x1.5bf817ed00000p+2,,,,,
1455,random,0x1.0438346940000p+3,0x1.2c0fb8fb00000p+2,,,,,
1456,random,0x1.621bf13440000p+3,0x1.877c700c00000p+0,,,,,
1457,random,0x1.6df2bd29c0000p+3,0x1.bddb139a00000p+1,,,,,
1458,random,0x1.d24c907000000p-3,0x1.9844ca9100000p+2,,,,,
1459,random,0x1.c175d42f00000p+1,0x1.4a4a81c900000p+2,,,,,
1460,random,0x1.6c0ebb0380000p+2,0x1.e5c3d0e000000p-3,,,,,
1461,random,0x1.30310ee900000p+1,0x1.f170e84a00000p+1,,,,,
1462,random,0x1.74356a4680000p+2,0x1.0aee3c4f00000p+2,,,,,
1463,random,0x1.214ad75a40000p+3,0x1.f0666dae00000p+1,,,,,
1464,random,0x1.d352b4d380000p+2,0x1.aa5b71a400000p+0,,,,,
1465,random,0x1.33f5da7f00000p+1,0x1.cb54265600000p+1,,,,,
1466,random,0x1.72ffb87d80000p+2,0x1.456e0dc000000p-4,,,,,
1467,random,0x1.4db2df2d40000p+3,0x1.e4094faa00000p+1,,,,,
1468,random,0x1.118aa2a740000p+3,0x1.b447116f00000p+2,,,,,
1469,random,0x1.6e24d22c40000p+3,0x1.8f6558ac00000p+0,,,,,
1470,random,0x1.0263932940000p+3,0x1.4e19701a00000p+1,,,,,
1471,random,0x1.7849749740000p+3,0x1.6fb1502f00000p+2,,,,,
1472,random,0x1.53b6cc3340000p+3,0x1.6f88ece000000p-3,,,,,
1473,random,0x1.0a8f25e200000p+0,0x1.172f460a00000p+1,,,,,
1474,random,0x1.0082cf3dc0000p+3,0x1.053274d300000p+2,,,,,
1475,random,0x1.1ac7e65f40000p+3,0x1.ec4642e000000p-3,,,,,
1476,random,0x1.679b1b1d00000p+1,0x1.fc36588b00000p+2,,,,,
1477,random,0x1.d674945980000p+2,0x1.2382d3ce00000p+1,,,,,
1478,random,0x1.058f3d4800000p-2,0x1.7c27a8aa00000p+1,,,,,
1479,random,0x1.7ae3f0bc80000p+2,0x1.2d089dff00000p+2,,,,,
1480,random,0x1.5b4a7b9440000p+3,0x1.3a8f9bf500000p+2,,,,,
1481,random,0x1.eab22c9f80000p+2,0x1.51de8df700000p+2,,,,,
1482,random,0x1.08cb51ff40000p+3,0x1.f386209200000p+1,,,,,
1483,random,0x1.598f628cc0000p+3,0x1.e61ba13800000p-1,,,,,
1484,random,0x1.8cb862fa80000p+2,0x1.952d6b3600000p+1,,,,,
1485,random,0x1.5e8783a340000p+3,0x1.afffc50400000p+0,,,,,
1486,random,0x1.e020fb4b80000p+2,0x1.f550d8c500000p+2,,,,,
1487,random,0x1.4d1598f100000p+1,0x1.d315ac0000000p-8,,,,,
1488,random,0x1.7c41fdbc80000p+2,0x1.dabd23b400000p+0,,,,,
1489,random,0x1.55e65b4cc0000p+3,0x1.feaf18f600000p+1,,,,,
1490,random,0x1.655b6dd540000p+3,0x1.804b8a6700000p+2,,,,,
1491,random,0x1.fcc00f6080000p+2,0x1.9934af3500000p+2,,,,,
1492,random,0x1.b630611880000p+2,0x1.2136620900000p+2,,,,,
1493,random,0x1.2c960e8680000p+2,0x1.7afddf1300000p+2,,,,,
1494,random,0x1.3af3ccc1c0000p+3,0x1.c029631300000p+2,,,,,
1495,random,0x1.c00f65d680000p+2,0x1.704605ce00000p+1,,,,,
1496,random,0x1.2ed4cbcc00000p-1,0x1.abf47f5600000p+1,,,,,
1497,random,0x1.d27e0e2400000p-1,0x1.cb18c9bb00000p+2,,,,,
1498,random,0x1.148db7ab00000p+1,0x1.ec30074800000p-1,,,,,
1499,random,0x1.e298c4f880000p+2,0x1.5af36c3500000p+2,,,,,
1500,random,0x1.8e783cef80000p+2,0x1.a3b8548000000p-5,,,,,
1501,random,0x1.729df90340000p+3,0x1.3cf1248c00000p+0,,,,,
1502,random,0x1.4dbeeeacc0000p+3,0x1.27f0f9f900000p+2,,,,,
1503,random,0x1.3be1a1e080000p+2,0x1.7a3e733700000p+2,,,,,
1504,random,0x1.8cfef2ed80000p+2,0x1.5d4481be00000p+1,,,,,
1505,random,0x1.16bd318ac0000p+3,0x1.624f135600000p+1,,,,,
1506,random,0x1.689bb5e700000p+1,0x1.6a157a5c00000p+0,,,,,
1507,random,0x1.79e8587940000p+3,0x1.ae72242f00000p+2,,,,,
1508,random,0x1.adbb4a5d00000p+1,0x1.d5d2e0bc00000p+0,,,,,
1509,random,0x1.3a525c7780000p+2,0x1.a7eab60f00000p+2,,,,,
1510,random,0x1.0b0769fd40000p+3,0x1.63169c8300000p+2,,,,,
1511,random,0x1.ef25fee700000p+1,0x1.9bd654ce00000p+1,,,,,
1512,random,0x1.a2be1bc280000p+2,0x1.92cfb6f700000p+2,,,,,
1513,random,0x1.61ffff40c0000p+3,0x1.adddda9a00000p+1,,,,,
1514,random,0x1.0d5eb30b80000p+2,0x1.c90b5b2f00000p+2,,,,,
1515,random,0x1.7d3cc56ac0000p+3,0x1.5ba891ab00000p+2,,,,,
1516,random,0x1.723546eb40000p+3,0x1.d43f7df800000p-1,,,,,
1517,random,0x1.31b31f5140000p+3,0x1.bf25a91100000p+2,,,,,
1518,random,0x1.f2003bfb80000p+2,0x1.5447563c00000p+0,,,,,
1519,random,0x1.16c10975c0000p+3,0x1.ac3325bd00000p+2,,,,,
1520,random,0x1.0bf8b824c0000p+3,0x1.998b3ba000000p-3,,,,,
1521,random,0x1.80d7326980000p+2,0x1.68725ede00000p+1,,,,,
1522,random,0x1.e4e3fc6f00000p+1,0x1.4c0f3c5c00000p+0,,,,,
1523,random,0x1.2a66e98400000p-1,0x1.13e907cd00000p+2,,,,,
1524,random,0x1.ce9d828080000p+2,0x1.0e2c534600000p+1,,,,,
1525,random,0x1.6a58534d80000p+2,0x1.f6f0ee9200000p+1,,,,,
1526,random,0x1.4725cb2040000p+3,0x1.8b329ee400000p+0,,,,,
1527,random,0x1.70f7f6cfc0000p+3,0x1.728069f300000p+2,,,,,
1528,random,0x1.7d9764f340000p+3,0x1.b8d2674e00000p+1,,,,,
1529,random,0x1.5817013640000p+3,0x1.0ddec18a00000p+1,,,,,
1530,random,0x1.305fe87dc0000p+3,0x1.58fe88ac00000p+0,,,,,
1531,random,0x1.6c6ef86e80000p+2,0x1.993fe9f900000p+2,,,,,
1532,random,0x1.3e7eef8a40000p+3,0x1.513642ab00000p+2,,,,,
1533,random,0x1.eb938f5a80000p+2,0x1.06d6d57e00000p+1,,,,,
1534,random,0x1.ea6c407300000p+1,0x1.ebc7865700000p+2,,,,,
1535,random,0x1.5608484480000p+2,0x1.a6af47a600000p+1,,,,,
1536,random,0x1.c36b43ea80000p+2,0x1.3150ea0800000p-1,,,,,
1537,random,0x1.0c210ca100000p+1,0x1.0602d9c600000p+1,,,,,
1538,random,0x1.4e52cf4cc0000p+3,0x1.2fe0ac4000000p-4,,,,,
1539,random,0x1.d89fd56b00000p+1,0x1.1d6f035400000p+0,,,,,
1540,random,0x1.83750c5700000p+1,0x1.7770063a00000p+1,,,,,
1541,random,0x1.06792d7f00000p+1,0x1.90a253a800000p-1,,,,,
1542,random,0x1.9a300d2880000p+2,0x1.049cf41600000p+1,,,,,
1543,random,0x1.400f1e52c0000p+3,0x1.1172130a00000p+1,,,,,
1544,random,0x1.6ac5df0280000p+2,0x1.f89dd49100000p+2,,,,,
1545,random,0x1.44b67a1340000p+3,0x1.42c19b6d00000p+2,,,,,
1546,random,0x1.2307841c40000p+3,0x1.554e474c00000p+0,,,,,
1547,random,0x1.d1da3c8380000p+2,0x1.7a27214200000p+1,,,,,
1548,random,0x1.61f1df5e40000p+3,0x1.87d04ed500000p+2,,,,,
1549,random,0x1.5b59746180000p+2,0x1.e445899f00000p+2,,,,,
1550,random,0x1.0eff048f00000p+1,0x1.bb1739d400000p+0,,,,,
1551,random,0x1.2bff35ef00000p+1,0x1.dbfc622e00000p+1,,,,,
1552,random,0x1.5bfbf6de80000p+2,0x1.490d355d00000p+2,,,,,
1553,random,0x1.e631081c80000p+2,0x1.de86c0a100000p+2,,,,,
1554,random,0x1.4280848f40000p+3,0x1.ba205caf00000p+2,,,,,
1555,random,0x1.a54e194300000p+1,0x1.6e014c9200000p+1,,,,,
1556,random,0x1.ac3a7d5f80000p+2,0x1.9bf7173600000p+1,,,,,
1557,random,0x1.f13f736d80000p+2,0x1.f7a7597100000p+2,,,,,
1558,random,0x1.5c2e930c80000p+2,0x1.a631e3bc00000p+0,,,,,
1559,random,0x1.d62fee2c80000p+2,0x1.4cafb2fb00000p+2,,,,,
1560,random,0x1.68ac0d7000000p-3,0x1.9072175900000p+2,,,,,
1561,random,0x1.6c83e9a3c0000p+3,0x1.a52fe33800000p-1,,,,,
1562,random,0x1.97d1408080000p+2,0x1.7158319900000p+2,,,,,
1563,random,0x1.561cb58e00000p+0,0x1.372566a900000p+2,,,,,
1564,random,0x1.6bb3fcbe00000p+0,0x1.a920468f00000p+2,,,,,
1565,random,0x1.2fc14a7d40000p+3,0x1.58d9553400000p+0,,,,,
1566,random,0x1.2b856138c0000p+3,0x1.442dbd7900000p+2,,,,,
1567,random,0x1.5cce566380000p+2,0x1.3f71e39000000p-2,,,,,
1568,random,0x1.3d893b2640000p+3,0x1.d76c375100000p+2,,,,,
1569,random,0x1.bb2f7f3b80000p+2,0x1.66be999200000p+1,,,,,
1570,random,0x1.03589b4ac0000p+3,0x1.47f0323100000p+2,,,,,
1571,random,0x1.c1b6d00280000p+2,0x1.70508cd700000p+2,,,,,
1572,random,0x1.ceafe88380000p+2,0x1.0284da5f00000p+2,,,,,
1573,random,0x1.f91e259d00000p+1,0x1.c63b4ec100000p+2,,,,,
1574,random,0x1.370285b080000p+2,0x1.80e4c31b00000p+2,,,,,
1575,random,0x1.52ebcc06c0000p+3,0x1.062d6d0100000p+2,,,,,
1576,random,0x1.7579811900000p+1,0x1.163b538800000p-1,,,,,
1577,random,0x1.04693fa3c0000p+3,0x1.768e034100000p+2,,,,,
1578,random,0x1.0113db8040000p+3,0x1.96c87ad000000p-2,,,,,
1579,random,0x1.31e51bb340000p+3,0x1.03f0e05500000p+2,,,,,
1580,random,0x1.b0dc99d280000p+2,0x1.55ecb64100000p+2,,,,,
1581,random,0x1.a5afe35480000p+2,0x1.86b7069800000p-1,,,,,
1582,random,0x1.37da023fc0000p+3,0x1.97b745e300000p+2,,,,,
1583,random,0x1.c67fb7f580000p+2,0x1.f37caafe00000p+1,,,,,
1584,random,0x1.799857f740000p+3,0x1.8962a64500000p+2,,,,,
1585,random,0x1.2f3047b140000p+3,0x1.8901be6500000p+2,,,,,
1586,random,0x1.faee9df080000p+2,0x1.3bf6cde500000p+2,,,,,
1587,random,0x1.021a985a80000p+2,0x1.ffa2fb8c00000p+0,,,,,
1588,random,0x1.0b6ea60600000p+0,0x1.e83905c900000p+2,,,,,
1589,random,0x1.d013bcb200000p+0,0x1.9d1f582d00000p+2,,,,,
1590,random,0x1.82cc26cf80000p+2,0x1.68c7a8e500000p+2,,,,,
1591,random,0x1.392ab78cc0000p+3,0x1.0ee0f75000000p-2,,,,,
1592,random,0x1.b63318a200000p+0,0x1.3cc2c14000000p-4,,,,,
1593,random,0x1.cf33424d00000p+1,0x1.6516454600000p+1,,,,,
1594,random,0x1.d321fde700000p+1,0x1.1bb6fe2200000p+1,,,,,
1595,random,0x1.789dea3400000p-1,0x1.6864210900000p+2,,,,,
1596,random,0x1.9dbf806a80000p+2,0x1.96a58b2900000p+2,,,,,
1597,random,0x1.80906ea000000p-4,0x1.7c4529d900000p+2,,,,,
1598,random,0x1.1967060900000p+1,0x1.48ba8f0f00000p+2,,,,,
1599,random,0x1.a155a90d00000p+1,0x1.07f5141400000p+0,,,,,
1600,random,0x1.61a4757700000p+1,0x1.df66734400000p+0,,,,,
1601,random,0x1.09bd6d7000000p-3,0x1.472fa9ad00000p+2,,,,,
1602,random,0x1.07136c8280000p+2,0x1.edf4c42800000p-1,,,,,
1603,random,0x1.69c57a6a00000p+0,0x1.1050aa8400000p+0,,,,,
1604,random,0x1.55881ad180000p+2,0x1.da449cda00000p+1,,,,,
1605,random,0x1.cec7269c00000p-1,0x1.6e8c289300000p+2,,,,,
1606,random,0x1.b46d36d900000p+1,0x1.0636294900000p+2,,,,,
1607,random,0x1.21f0d79600000p+0,0x1.ccef575500000p+2,,,,,
1608,random,0x1.8a7cf11380000p+2,0x1.16c5bff800000p-1,,,,,
1609,random,0x1.2b49a51680000p+2,0x1.e6b1adde00000p+1,,,,,
1610,random,0x1.871707da00000p+0,0x1.817956bb00000p+2,,,,,
1611,random,0x1.b56935d580000p+2,0x1.9703eb0500000p+2,,,,,
1612,random,0x1.285fab0440000p+3,0x1.bfbec85500000p+2,,,,,
1613,random,0x1.6403cb5cc0000p+3,0x1.aceb1ed300000p+2,,,,,
1614,random,0x1.b552217500000p+1,0x1.8d8c540100000p+2,,,,,
1615,random,0x1.68f9e1f540000p+3,0x1.c936197e00000p+1,,,,,
1616,random,0x1.508de19a80000p+2,0x1.c147330600000p+1,,,,,
1617,random,0x1.59378cda40000p+3,0x1.1dca0f2700000p+2,,,,,
1618,random,0x1.388e791f00000p+1,0x1.87a73f7400000p+0,,,,,
1619,random,0x1.31c62f23c0000p+3,0x1.772e635100000p+2,,,,,
1620,random,0x1.c77ac17900000p+1,0x1.1768318600000p+1,,,,,
1621,random,0x1.3eff4d34c0000p+3,0x1.f35db88200000p+1,,,,,
1622,random,0x1.382b746f00000p+1,0x1.411acfe500000p+2,,,,,
1623,random,0x1.5448d08b00000p+1,0x1.2c0da6d700000p+2,,,,,
1624,random,0x1.c74cd05a80000p+2,0x1.67c8a79d00000p+2,,,,,
1625,random,0x1.c0ad6c7800000p-2,0x1.95106d2d00000p+2,,,,,
1626,random,0x1.d5ba0c4b80000p+2,0x1.798e186500000p+2,,,,,
1627,random,0x1.2b5ac14440000p+3,0x1.c8ca089600000p+1,,,,,
1628,random,0x1.572bf0f400000p-1,0x1.103a329700000p+2,,,,,
1629,random,0x1.429b692f40000p+3,0x1.01c828ca00000p+1,,,,,
1630,random,0x1.1c7863b680000p+2,0x1.1d014d2f00000p+2,,,,,
1631,random,0x1.a5a5360200000p+0,0x1.e277329e00000p+1,,,,,
1632,random,0x1.0e2430d080000p+2,0x1.2f9d127900000p+2,,,,,
1633,random,0x1.050a9b09c0000p+3,0x1.b62757c300000p+2,,,,,
1634,random,0x1.7d4bea6f00000p+1,0x1.096368fe00000p+1,,,,,
1635,random,0x1.1c6fd56700000p+1,0x1.f84fce8f00000p+2,,,,,
1636,random,0x1.675fa29080000p+2,0x1.43289ea000000p-3,,,,,
1637,random,0x1.e1b9bfa600000p+0,0x1.d65ea4ca00000p+1,,,,,
1638,random,0x1.4069d576c0000p+3,0x1.776e22d800000p-1,,,,,
1639,random,0x1.e22432ba80000p+2,0x1.7a6070bc00000p+0,,,,,
1640,random,0x1.4ff9d5f400000p-1,0x1.a511072500000p+2,,,,,
1641,random,0x1.50cd2006c0000p+3,0x1.717e3aef00000p+2,,,,,
1642,random,0x1.79b612f140000p+3,0x1.25f018ec00000p+0,,,,,
1643,random,0x1.4e55f4a5c0000p+3,0x1.1e6361e800000p-1,,,,,
1644,random,0x1.45f9725540000p+3,0x1.f6881b4c00000p+0,,,,,
1645,random,0x1.b413569e00000p+0,0x1.82348a3100000p+2,,,,,
1646,random,0x1.8b92df8c80000p+2,0x1.859ff53800000p-1,,,,,
1647,random,0x1.0c5c686040000p+3,0x1.3e35257c00000p+0,,,,,
1648,random,0x1.707a099680000p+2,0x1.4c290fc900000p+2,,,,,
1649,random,0x1.b6074c9580000p+2,0x1.ef2783ec00000p+0,,,,,
1650,random,0x1.d366d01500000p+1,0x1.f88a54a600000p+1,,,,,
1651,random,0x1.1ed2371180000p+2,0x1.4024066300000p+2,,,,,
1652,random,0x1.78b55d0b80000p+2,0x1.9d14e85d00000p+2,,,,,
1653,random,0x1.4573b2be80000p+2,0x1.92b7fe7500000p+2,,,,,
1654,random,0x1.4a2ead1bc0000p+3,0x1.8386f47600000p+1,,,,,
1655,random,0x1.38895b0840000p+3,0x1.f9cf04c400000p+0,,,,,
1656,random,0x1.53fb9130c0000p+3,0x1.b527a1d600000p+1,,,,,
1657,random,0x1.214c982d80000p+2,0x1.43b3c80700000p+2,,,,,
1658,random,0x1.5a3867d280000p+2,0x1.0c1e5f9500000p+2,,,,,
1659,random,0x1.b489d5d500000p+1,0x1.60cb081700000p+2,,,,,
1660,random,0x1.096237d340000p+3,0x1.ef1718c700000p+2,,,,,
1661,random,0x1.0aeaff0940000p+3,0x1.fc11c47900000p+2,,,,,
1662,random,0x1.5f02285dc0000p+3,0x1.48afd02e00000p+1,,,,,
1663,random,0x1.cfd3532000000p-4,0x1.5cd1185400000p+0,,,,,
1664,random,0x1.31dd16eec0000p+3,0x1.0157695a00000p+1,,,,,
1665,random,0x1.1898920c40000p+3,0x1.1709a4c200000p+1,,,,,
1666,random,0x1.18727cc280000p+2,0x1.5ba77a0300000p+2,,,,,
1667,random,0x1.1f5018a7c0000p+3,0x1.c42abef800000p-1,,,,,
1668,random,0x1.6ffc73cb80000p+2,0x1.dad0210800000p-1,,,,,
1669,random,0x1.75a3f9bb00000p+1,0x1.f0a4624200000p+1,,,,,
1670,random,0x1.8447b64900000p+1,0x1.7cfa7ef100000p+2,,,,,
1671,random,0x1.600ffc2900000p+1,0x1.f77dee7b00000p+2,,,,,
1672,random,0x1.4edc7b7b40000p+3,0x1.3824122800000p-1,,,,,
1673,random,0x1.24f0729b00000p+1,0x1.eb8912d900000p+2,,,,,
1674,random,0x1.63d5624c80000p+2,0x1.de2bfac500000p+2,,,,,
1675,random,0x1.0cd3091900000p+1,0x1.859d5e0e00000p+1,,,,,
1676,random,0x1.2402f39240000p+3,0x1.5314b86d00000p+2,,,,,
1677,random,0x1.0a9ea78940000p+3,0x1.f2b26d2700000p+2,,,,,
1678,random,0x1.4ac79cf5c0000p+3,0x1.493541ee00000p+1,,,,,
1679,random,0x1.3873361dc0000p+3,0x1.34984b0800000p-1,,,,,
1680,random,0x1.73c4b529c0000p+3,0x1.8d6954e200000p+1,,,,,
1681,random,0x1.2ec9bd5140000p+3,0x1.52fc455300000p+2,,,,,
1682,random,0x1.259873f340000p+3,0x1.9023a97200000p+1,,,,,
1683,random,0x1.076af54300000p+1,0x1.a9d82c9b00000p+2,,,,,
1684,random,0x1.5dd8adfe40000p+3,0x1.45bd0a3200000p+1,,,,,
1685,random,0x1.1c3797f740000p+3,0x1.48d0a79100000p+2,,,,,
1686,random,0x1.104b07d980000p+2,0x1.2f4e570f00000p+2,,,,,
1687,random,0x1.0905804e40000p+3,0x1.ee3ec10000000p-6,,,,,
1688,random,0x1.4a438f45c0000p+3,0x1.35ac958100000p+2,,,,,
1689,random,0x1.214de10e40000p+3,0x1.ca80630b00000p+2,,,,,
1690,random,0x1.2277d47140000p+3,0x1.a875a45300000p+2,,,,,
1691,random,0x1.00da4ed740000p+3,0x1.7ca43dc900000p+2,,,,,
1692,random,0x1.359127fbc0000p+3,0x1.a700cba700000p+2,,,,,
1693,random,0x1.f6be9cce80000p+2,0x1.6d3fe7d800000p-1,,,,,
1694,random,0x1.7fe8fa8480000p+2,0x1.f050178400000p+0,,,,,
1695,random,0x1.0c513ae740000p+3,0x1.4a7b16ec00000p+0,,,,,
1696,random,0x1.2c724c4b80000p+2,0x1.abb7e46800000p-1,,,,,
1697,random,0x1.7194e39d80000p+2,0x1.593a9f1e00000p+1,,,,,
1698,random,0x1.5f0af28b80000p+2,0x1.97ebc93b00000p+2,,,,,
1699,random,0x1.b5c8153800000p-2,0x1.c2324cc400000p+0,,,,,
1700,random,0x1.4fa82a4300000p+1,0x1.9cdac05800000p-1,,,,,
1701,random,0x1.549036bf00000p+1,0x1.b6b1cf0b00000p+2,,,,,
1702,random,0x1.2269685540000p+3,0x1.b62a96d300000p+2,,,,,
1703,random,0x1.8e317e5400000p-1,0x1.66a6271700000p+2,,,,,
1704,random,0x1.066f976d00000p+1,0x1.a5faa3ae00000p+1,,,,,
1705,random,0x1.607e0faa00000p+0,0x1.f219a80100000p+2,,,,,
1706,random,0x1.46d1af7e40000p+3,0x1.0681d54200000p+1,,,,,
1707,random,0x1.db8c40e900000p+1,0x1.3012b80000000p-9,,,,,
1708,random,0x1.54007d5400000p-1,0x1.65dbccbe00000p+1,,,,,
1709,random,0x1.23c5203e00000p+0,0x1.ab63f0be00000p+1,,,,,
1710,random,0x1.dbb68fc580000p+2,0x1.b9e092b200000p+1,,,,,
1711,random,0x1.4383b96b40000p+3,0x1.449afa4b00000p+2,,,,,
1712,random,0x1.ad5997bd00000p+1,0x1.fa68520100000p+2,,,,,
1713,random,0x1.2458c74f80000p+2,0x1.e3b9904b00000p+2,,,,,
1714,random,0x1.66632bbc80000p+2,0x1.e3b16fbe00000p+1,,,,,
1715,random,0x1.21496aa380000p+2,0x1.af15e80500000p+2,,,,,
1716,random,0x1.32ac001880000p+2,0x1.9ecad3dd00000p+2,,,,,
1717,random,0x1.7a058f3080000p+2,0x1.fb77b13500000p+2,,,,,
1718,random,0x1.50abec7840000p+3,0x1.fe048fce00000p+1,,,,,
1719,random,0x1.33938b6c40000p+3,0x1.819ef1e800000p-1,,,,,
1720,random,0x1.bdd0618b80000p+2,0x1.39481b6200000p+1,,,,,
1721,random,0x1.cca1ba6300000p+1,0x1.75cc3db900000p+2,,,,,
1722,random,0x1.2d303ee880000p+2,0x1.7a4161b000000p-2,,,,,
1723,random,0x1.bbb0e8df00000p+1,0x1.9b81b00b00000p+2,,,,,
1724,random,0x1.ea52260b00000p+1,0x1.d9d2229600000p+1,,,,,
1725,random,0x1.042b65a180000p+2,0x1.eb627c4a00000p+1,,,,,
1726,random,0x1.53b4fdf5c0000p+3,0x1.87a9396100000p+2,,,,,
1727,random,0x1.05c51186c0000p+3,0x1.97b2fccd00000p+2,,,,,
1728,random,0x1.fbf72d1d00000p+1,0x1.7356ffe700000p+2,,,,,
1729,random,0x1.87b917e980000p+2,0x1.21fefd8700000p+2,,,,,
1730,random,0x1.1a85a1d680000p+2,0x1.f4b97c1a00000p+1,,,,,
1731,random,0x1.37d9e2f2c0000p+3,0x1.c652c19d00000p+2,,,,,
1732,random,0x1.cb3ac31d00000p+1,0x1.467ca37a00000p+1,,,,,
1733,random,0x1.0624a33c40000p+3,0x1.a9c2098400000p+0,,,,,
1734,random,0x1.14724ae080000p+2,0x1.6c5571ee00000p+1,,,,,
1735,random,0x1.e77fbc5600000p+0,0x1.affa691f00000p+2,,,,,
1736,random,0x1.33a5413240000p+3,0x1.55bda18700000p+2,,,,,
1737,random,0x1.0fe981c0c0000p+3,0x1.715232fe00000p+1,,,,,
1738,random,0x1.57a213fa00000p+0,0x1.10e4f44400000p+0,,,,,
1739,random,0x1.a144801d00000p+1,0x1.1aecd97600000p+1,,,,,
1740,random,0x1.200f53a0c0000p+3,0x1.b5bdb1ea00000p+1,,,,,
1741,random,0x1.24fe615a80000p+2,0x1.0f91188200000p+1,,,,,
1742,random,0x1.557e78f100000p+1,0x1.64ce6a7600000p+1,,,,,
1743,random,0x1.ad60a34580000p+2,0x1.8f180ee500000p+2,,,,,
1744,random,0x1.2e202a0800000p-2,0x1.1c099dc600000p+1,,,,,
1745,random,0x1.54c61358c0000p+3,0x1.ec4dd37500000p+2,,,,,
1746,random,0x1.1df7f2d5c0000p+3,0x1.07a2ad0c00000p+0,,,,,
1747,random,0x1.1a08438e80000p+2,0x1.8ce90dd300000p+2,,,,,
1748,random,0x1.77d1589cc0000p+3,0x1.d2f9083d00000p+2,,,,,
1749,random,0x1.26526b0b40000p+3,0x1.9b5e72de00000p+1,,,,,
1750,random,0x1.a381edd600000p+0,0x1.bfa0be0400000p+0,,,,,
1751,random,0x1.8843f6c480000p+2,0x1.9f01746200000p+1,,,,,
1752,random,0x1.cfee639100000p+1,0x1.02ab48b800000p-1,,,,,
1753,random,0x1.419ce96400000p-1,0x1.f29ca18800000p-1,,,,,
1754,random,0x1.0fe78b91c0000p+3,0x1.4554e49c00000p+0,,,,,
1755,random,0x1.329ee91c40000p+3,0x1.99136ca400000p+0,,,,,
1756,random,0x1.59cfd7f880000p+2,0x1.0e6684cd00000p+2,,,,,
1757,random,0x1.860d64d180000p+2,0x1.63c8c88200000p+1,,,,,
1758,random,0x1.01b33e1c80000p+2,0x1.044c4faf00000p+2,,,,,
1759,random,0x1.2168aabc80000p+2,0x1.4987d73e00000p+1,,,,,
1760,random,0x1.d191bdb900000p+1,0x1.4146d12000000p-3,,,,,
1761,random,0x1.1df034e0c0000p+3,0x1.200b8abe00000p+1,,,,,
1762,random,0x1.3295c51dc0000p+3,0x1.560834b600000p+1,,,,,
1763,random,0x1.b8a4fb9d80000p+2,0x1.bcb13a2300000p+2,,,,,
1764,random,0x1.89b8245180000p+2,0x1.3e88b8a800000p-1,,,,,
1765,random,0x1.c33b9dcb00000p+1,0x1.7df22cab00000p+2,,,,,
1766,random,0x1.0229324640000p+3,0x1.2df8264000000p-4,,,,,
1767,random,0x1.f43d9b5f80000p+2,0x1.3de5f9e100000p+2,,,,,
1768,random,0x1.05f2146140000p+3,0x1.d4937a2800000p-1,,,,,
1769,random,0x1.a6e9189500000p+1,0x1.96da85fc00000p+0,,,,,
1770,random,0x1.5228790500000p+1,0x1.59b914c300000p+2,,,,,
1771,random,0x1.fe48e66700000p+1,0x1.0225c17a00000p+1,,,,,
1772,random,0x1.256762c940000p+3,0x1.3d0bb15d00000p+2,,,,,
1773,random,0x1.89a21e5e80000p+2,0x1.b849c18200000p+1,,,,,
1774,random,0x1.1003f68800000p-2,0x1.3b2d258500000p+2,,,,,
1775,random,0x1.22dc6d2000000p-4,0x1.c07b1d2700000p+2,,,,,
1776,random,0x1.56b8b546c0000p+3,0x1.4023adde00000p+1,,,,,
1777,random,0x1.64e77d32c0000p+3,0x1.3a22d50900000p+2,,,,,
1778,random,0x1.5f71bdc880000p+2,0x1.66dab8ee00000p+1,,,,,
1779,random,0x1.7c5d8cbc00000p-1,0x1.dceb00eb00000p+2,,,,,
1780,random,0x1.0dbab632c0000p+3,0x1.e8c6977b00000p+2,,,,,
1781,random,0x1.7128900440000p+3,0x1.25a8247f00000p+2,,,,,
1782,random,0x1.359eea7f00000p+1,0x1.12abbbd800000p-1,,,,,
1783,random,0x1.dcea159880000p+2,0x1.2274ed5800000p-1,,,,,
1784,random,0x1.e72dd2ad00000p+1,0x1.e9bd2dac00000p+0,,,,,
1785,random,0x1.b2c508e700000p+1,0x1.8e16e76b00000p+2,,,,,
1786,random,0x1.bc491b0500000p+1,0x1.df7279d600000p+1,,,,,
1787,random,0x1.6f051df340000p+3,0x1.e0b13bcc00000p+0,,,,,
1788,random,0x1.be75b39e00000p+0,0x1.2740502000000p-3,,,,,
1789,random,0x1.1c4a3af640000p+3,0x1.848feec400000p+0,,,,,
1790,random,0x1.4a17bd3b80000p+2,0x1.d7395cb900000p+2,,,,,
1791,random,0x1.10d1c2cf00000p+1,0x1.0f76089200000p+1,,,,,
1792,random,0x1.798f3a3700000p+1,0x1.d316aee500000p+2,,,,,
1793,random,0x1.112cdfbdc0000p+3,0x1.e6d0189800000p-1,,,,,
1794,random,0x1.f76ce7f100000p+1,0x1.5e5a097700000p+2,,,,,
1795,random,0x1.71ee310280000p+2,0x1.8611ce6100000p+2,,,,,
1796,random,0x1.3ca7d89f00000p+1,0x1.2d150b3c00000p+0,,,,,
1797,random,0x1.1321462580000p+2,0x1.a8e04c6d00000p+2,,,,,
1798,random,0x1.4dfcf94440000p+3,0x1.b61d9e8c00000p+0,,,,,
1799,random,0x1.13e4f1b040000p+3,0x1.8acd290e00000p+1,,,,,
1800,random,0x1.72c2a23cc0000p+3,0x1.2f605ad000000p-2,,,,,
1801,random,0x1.73175d6080000p+2,0x1.af71f9c400000p+0,,,,,
1802,random,0x1.02a7582280000p+2,0x1.787f7b7e00000p+1,,,,,
1803,random,0x1.1b1359efc0000p+3,0x1.dd3c0ec300000p+2,,,,,
1804,random,0x1.e9499ffc80000p+2,0x1.c17666cc00000p+0,,,,,
1805,random,0x1.76afa04ac0000p+3,0x1.149ece4e00000p+1,,,,,
1806,random,0x1.2f71d61d40000p+3,0x1.2831040a00000p+1,,,,,
1807,random,0x1.8496644180000p+2,0x1.d64ee30900000p+2,,,,,
1808,random,0x1.2af825b600000p+0,0x1.a33e5d4700000p+2,,,,,
1809,random,0x1.762a0d33c0000p+3,0x1.27c76d3000000p-2,,,,,
1810,random,0x1.653f801780000p+2,0x1.612fb5a000000p-3,,,,,
1811,random,0x1.3b9710e500000p+1,0x1.5c42a85e00000p+1,,,,,
1812,random,0x1.23e84e3980000p+2,0x1.d71eb26f00000p+2,,,,,
1813,random,0x1.21b1d5b780000p+2,0x1.255e553100000p+2,,,,,
1814,random,0x1.31f100bd00000p+1,0x1.e88b4c8800000p-1,,,,,
1815,random,0x1.4bc1a6dc80000p+2,0x1.6952c29200000p+1,,,,,
1816,random,0x1.012f0e9780000p+2,0x1.13a78def00000p+2,,,,,
1817,random,0x1.3c5a4ed040000p+3,0x1.6f668ef800000p-1,,,,,
1818,random,0x1.a19a70d180000p+2,0x1.c5bbfa6300000p+2,,,,,
1819,random,0x1.4ee22d9700000p+1,0x1.33c09fef00000p+2,,,,,
1820,random,0x1.7b92439500000p+1,0x1.40f26ee500000p+2,,,,,
1821,random,0x1.8bd89ca600000p+0,0x1.fe2db4e700000p+2,,,,,
1822,random,0x1.ba92e32380000p+2,0x1.639c955a00000p+1,,,,,
1823,random,0x1.2a9b4c4940000p+3,0x1.03cf692100000p+2,,,,,
1824,random,0x1.020827dc00000p-1,0x1.9b83446300000p+2,,,,,
1825,random,0x1.41157cb180000p+2,0x1.db30d3c700000p+2,,,,,
1826,random,0x1.cfd9d59100000p+1,0x1.3b3cce5300000p+2,,,,,
1827,random,0x1.7908bb8d40000p+3,0x1.5e57a1a000000p-3,,,,,
1828,random,0x1.a563fdfa00000p+0,0x1.3003d60900000p+2,,,,,
1829,random,0x1.2888367800000p-2,0x1.f666b2fc00000p+0,,,,,
1830,random,0x1.4cdc7fc980000p+2,0x1.38bacaa200000p+1,,,,,
1831,random,0x1.82edd14b80000p+2,0x1.f9ced74700000p+2,,,,,
1832,random,0x1.8d4a435000000p-3,0x1.f5b1e7db00000p+2,,,,,
1833,random,0x1.0d29728f00000p+1,0x1.124736ef00000p+2,,,,,
1834,random,0x1.668f597600000p+0,0x1.80b6f9cb00000p+2,,,,,
1835,random,0x1.e278796a80000p+2,0x1.3218939b00000p+2,,,,,
1836,random,0x1.62e93be540000p+3,0x1.870e18db00000p+2,,,,,
1837,random,0x1.0128e433c0000p+3,0x1.b052404f00000p+2,,,,,
1838,random,0x1.5d911309c0000p+3,0x1.8f82d19900000p+2,,,,,
1839,random,0x1.02af0d1b40000p+3,0x1.13a5c72100000p+2,,,,,
1840,random,0x1.a4cc2c8080000p+2,0x1.41cca4bb00000p+2,,,,,
1841,random,0x1.4caa923780000p+2,0x1.38b0451300000p+2,,,,,
1842,random,0x1.61779d3940000p+3,0x1.12042d1b00000p+2,,,,,
1843,random,0x1.750cfbe880000p+2,0x1.ca047a5a00000p+1,,,,,
1844,random,0x1.072aab0580000p+2,0x1.f44b82db00000p+2,,,,,
1845,random,0x1.567e0c1080000p+2,0x1.6eb6810500000p+2,,,,,
1846,random,0x1.44d9767300000p+1,0x1.b9b95a9300000p+2,,,,,
1847,random,0x1.66d90b3c80000p+2,0x1.d08de26600000p+1,,,,,
1848,random,0x1.fba0d82d80000p+2,0x1.069ca01b00000p+2,,,,,
1849,random,0x1.1d1ac08500000p+1,0x1.caa1a68700000p+2,,,,,
1850,random,0x1.0f880958c0000p+3,0x1.adfd6d1200000p+1,,,,,
1851,random,0x1.220d567e40000p+3,0x1.d19edc2c00000p+0,,,,,
1852,random,0x1.4934194400000p-1,0x1.35c870fb00000p+2,,,,,
1853,random,0x1.342e133500000p+1,0x1.135ba60700000p+2,,,,,
1854,random,0x1.4ceb097140000p+3,0x1.b8fc530b00000p+2,,,,,
1855,random,0x1.91266d4f00000p+1,0x1.f7fc08a100000p+2,,,,,
1856,random,0x1.749128c640000p+3,0x1.b7cb4c9300000p+2,,,,,
1857,random,0x1.a49d252200000p+0,0x1.0530354000000p-4,,,,,
1858,random,0x1.995adf6580000p+2,0x1.e5f6e07400000p+0,,,,,
1859,random,0x1.b98cb44300000p+1,0x1.1192e31500000p+2,,,,,
1860,random,0x1.32652aeec0000p+3,0x1.30f8b68700000p+2,,,,,
1861,random,0x1.41c750fc00000p-1,0x1.26ed6b4400000p+0,,,,,
1862,random,0x1.66b5a0b340000p+3,0x1.6e020eca00000p+1,,,,,
1863,random,0x1.94b0a88c00000p-1,0x1.0c3927a800000p-1,,,,,
1864,random,0x1.e3b405d780000p+2,0x1.48afd7b700000p+2,,,,,
1865,random,0x1.04dd42d700000p+1,0x1.2063000a00000p+1,,,,,
1866,random,0x1.c4d0a39800000p-2,0x1.feec5ac300000p+2,,,,,
1867,random,0x1.06c611c6c0000p+3,0x1.61f10d1400000p+0,,,,,
1868,random,0x1.1a752f3dc0000p+3,0x1.ae28082500000p+2,,,,,
1869,random,0x1.d31c75b580000p+2,0x1.efd04cf500000p+2,,,,,
1870,random,0x1.ad70656780000p+2,0x1.2b9f308a00000p+1,,,,,
1871,random,0x1.751d2bb6c0000p+3,0x1.7904e0a000000p-3,,,,,
1872,random,0x1.7ebbe60440000p+3,0x1.e85e443b00000p+2,,,,,
1873,random,0x1.df0d610f80000p+2,0x1.4ce30a3c00000p+0,,,,,
1874,random,0x1.5f94f2c300000p+1,0x1.45cd7d8800000p-1,,,,,
1875,random,0x1.b239d68700000p+1,0x1.a759d33a00000p+1,,,,,
1876,random,0x1.4cda2d7700000p+1,0x1.9098633f00000p+2,,,,,
1877,random,0x1.1a74fa42c0000p+3,0x1.57e7007f00000p+2,,,,,
1878,random,0x1.b1508b0500000p+1,0x1.f3fecfb200000p+1,,,,,
1879,random,0x1.1c6c5d28c0000p+3,0x1.cb1af96900000p+2,,,,,
1880,random,0x1.ba236a6800000p-2,0x1.e267424400000p+0,,,,,
1881,random,0x1.f366ef6300000p+1,0x1.a0cfc27b00000p+2,,,,,
1882,random,0x1.786c32d800000p-2,0x1.b8f3712000000p-3,,,,,
1883,random,0x1.5e064b58c0000p+3,0x1.a3c3aac600000p+1,,,,,
1884,random,0x1.68f7ff6bc0000p+3,0x1.25a5072000000p-3,,,,,
1885,random,0x1.0a28770040000p+3,0x1.144b14a700000p+2,,,,,
1886,random,0x1.26ad6232c0000p+3,0x1.6bd37c9a00000p+1,,,,,
1887,random,0x1.26252b61c0000p+3,0x1.889736f000000p-2,,,,,
1888,random,0x1.62c0b238c0000p+3,0x1.9f35c72600000p+1,,,,,
1889,random,0x1.61e2906180000p+2,0x1.b215378800000p-1,,,,,
1890,random,0x1.69ead325c0000p+3,0x1.cff3f26600000p+1,,,,,
1891,random,0x1.c804947300000p+1,0x1.7655b02600000p+1,,,,,
1892,random,0x1.5ac869b340000p+3,0x1.900fc2bb00000p+2,,,,,
1893,random,0x1.5bd6d9adc0000p+3,0x1.bfa33c0700000p+2,,,,,
1894,random,0x1.7cd82c1b80000p+2,0x1.e0c9085f00000p+2,,,,,
1895,random,0x1.1c89e90540000p+3,0x1.27e034d000000p-2,,,,,
1896,random,0x1.dad7cf4780000p+2,0x1.7fc56bb100000p+2,,,,,
1897,random,0x1.ae1a6d0500000p+1,0x1.5813ef3100000p+2,,,,,
1898,random,0x1.93aa884e80000p+2,0x1.984d620d00000p+2,,,,,
1899,random,0x1.674d3d28c0000p+3,0x1.5520a66d00000p+2,,,,,
1900,random,0x1.53204039c0000p+3,0x1.fefcf8cc00000p+0,,,,,
1901,random,0x1.8fbd570d80000p+2,0x1.d5d44f5600000p+1,,,,,
1902,random,0x1.bc134b1280000p+2,0x1.1f9abdb800000p-1,,,,,
1903,random,0x1.2aa3b950c0000p+3,0x1.4e1f139a00000p+1,,,,,
1904,random,0x1.0af939b740000p+3,0x1.79c6111d00000p+2,,,,,
1905,random,0x1.d9e9ac2f80000p+2,0x1.8bdc4d6c00000p+0,,,,,
1906,random,0x1.8f1c540380000p+2,0x1.ade2706a00000p+1,,,,,
1907,random,0x1.7892400500000p+1,0x1.91b73cda00000p+1,,,,,
1908,random,0x1.5be9dd0f00000p+1,0x1.1925ffc000000p-4,,,,,
1909,random,0x1.678e1b9000000p-3,0x1.e138b61c00000p+0,,,,,
1910,random,0x1.31e58c9880000p+2,0x1.6204e1d500000p+2,,,,,
1911,random,0x1.52cbba6140000p+3,0x1.b92328ed00000p+2,,,,,
1912,random,0x1.1bb9d99500000p+1,0x1.fd000d4d00000p+2,,,,,
1913,random,0x1.d017fe8580000p+2,0x1.f8b795a000000p-3,,,,,
1914,random,0x1.9bf8021a00000p+0,0x1.1c9fbc7700000p+2,,,,,
1915,random,0x1.0c3ddadc40000p+3,0x1.8808182700000p+2,,,,,
1916,random,0x1.ac2e589500000p+1,0x1.36d90ee200000p+1,,,,,
1917,random,0x1.8da787e580000p+2,0x1.4ab0f87e00000p+1,,,,,
1918,random,0x1.f5400d2800000p-2,0x1.7dde6d5000000p-2,,,,,
1919,random,0x1.5a5d569a80000p+2,0x1.64aed19700000p+2,,,,,
1920,random,0x1.bd62fa4100000p+1,0x1.0bccf98a00000p+1,,,,,
1921,random,0x1.e13cdea100000p+1,0x1.9aac1fef00000p+2,,,,,
1922,random,0x1.02e766c900000p+1,0x1.f69a380c00000p+0,,,,,
1923,random,0x1.71439c1ac0000p+3,0x1.dd8691a700000p+2,,,,,
1924,random,0x1.00162e2ac0000p+3,0x1.24c4d9e300000p+2,,,,,
1925,random,0x1.44582114c0000p+3,0x1.68218a8e00000p+1,,,,,
1926,random,0x1.6fcf7f1000000p-3,0x1.29a146cb00000p+2,,,,,
1927,random,0x1.59b53d3280000p+2,0x1.6aace45800000p-1,,,,,
1928,random,0x1.7b379a7680000p+2,0x1.f947a23200000p+1,,,,,
1929,random,0x1.ba86809280000p+2,0x1.26cdfcfb00000p+2,,,,,
1930,random,0x1.6bcb50b840000p+3,0x1.abe17a7c00000p+0,,,,,
1931,random,0x1.0f91cc85c0000p+3,0x1.dc922a7000000p-2,,,,,
1932,random,0x1.07f325c3c0000p+3,0x1.4853077200000p+1,,,,,
1933,random,0x1.e340976d00000p+1,0x1.0c5e46d700000p+2,,,,,
1934,random,0x1.bbecf57680000p+2,0x1.0abeb9ad00000p+2,,,,,
1935,random,0x1.15c93c9200000p+0,0x1.83eb0afe00000p+1,,,,,
1936,random,0x1.3f3a15ef80000p+2,0x1.bf046dea00000p+1,,,,,
1937,random,0x1.58f18f28c0000p+3,0x1.713fe94c00000p+0,,,,,
1938,random,0x1.b14818e600000p+0,0x1.e12a260800000p-1,,,,,
1939,random,0x1.3632487500000p+1,0x1.cb61a9e700000p+2,,,,,
1940,random,0x1.99a9ba8200000p+0,0x1.db2b4e6f00000p+2,,,,,
1941,random,0x1.1d97eee740000p+3,0x1.7def553000000p-2,,,,,
1942,random,0x1.48d4707a00000p+0,0x1.3c9dd92e00000p+1,,,,,
1943,random,0x1.cef373ae80000p+2,0x1.0bc9d64f00000p+2,,,,,
1944,random,0x1.c3276ae380000p+2,0x1.1f3ab02f00000p+2,,,,,
1945,random,0x1.aee69e4f00000p+1,0x1.9e04fd5a00000p+1,,,,,
1946,random,0x1.cbdee5ec00000p-1,0x1.17e7068300000p+2,,,,,
1947,random,0x1.1af2468f40000p+3,0x1.cc2bc76900000p+2,,,,,
1948,random,0x1.22dad48b80000p+2,0x1.b08177d600000p+1,,,,,
1949,random,0x1.ca19ab0a80000p+2,0x1.d3b44b0c00000p+0,,,,,
1950,random,0x1.40e67c2740000p+3,0x1.2aa72ec900000p+2,,,,,
1951,random,0x1.278b92a640000p+3,0x1.7c3b0ec100000p+2,,,,,
1952,random,0x1.2240d5b7c0000p+3,0x1.d334866f00000p+2,,,,,
1953,random,0x1.4f3c554200000p+0,0x1.63e7dc3300000p+2,,,,,
1954,random,0x1.079819a600000p+0,0x1.5a33c50b00000p+2,,,,,
1955,random,0x1.47fef8b180000p+2,0x1.ec63e97800000p-1,,,,,
1956,random,0x1.6475d05100000p+1,0x1.eae60ff300000p+2,,,,,
1957,random,0x1.f6d413f680000p+2,0x1.1782a0e500000p+2,,,,,
1958,random,0x1.713f84bdc0000p+3,0x1.ede9aa4700000p+2,,,,,
1959,random,0x1.15b85f5f00000p+1,0x1.fe6deb9000000p-2,,,,,
1960,random,0x1.86df448b80000p+2,0x1.8b18d37400000p+0,,,,,
1961,random,0x1.df2a84ad80000p+2,0x1.530e1dca00000p+1,,,,,
1962,random,0x1.d3f8857900000p+1,0x1.0de0cbe200000p+1,,,,,
1963,random,0x1.acd8a58b00000p+1,0x1.68c836a800000p-1,,,,,
1964,random,0x1.7bb44e5e40000p+3,0x1.f154191300000p+2,,,,,
1965,random,0x1.8fe88e5200000p+0,0x1.1491dd5800000p-1,,,,,
1966,random,0x1.0aba83a400000p-1,0x1.3787811f00000p+2,,,,,
1967,random,0x1.3cefd12f80000p+2,0x1.a32d47d000000p-2,,,,,
1968,random,0x1.727b233900000p+1,0x1.8efe152500000p+2,,,,,
1969,random,0x1.d7f8108400000p-1,0x1.fc1ad79800000p-1,,,,,
1970,random,0x1.0f695387c0000p+3,0x1.7ae093b200000p+1,,,,,
1971,random,0x1.a979e64780000p+2,0x1.106aecfc00000p+0,,,,,
1972,random,0x1.349defe740000p+3,0x1.d996ffb600000p+1,,,,,
1973,random,0x1.90582f2a80000p+2,0x1.3849bf5e00000p+1,,,,,
1974,random,0x1.03993e84c0000p+3,0x1.b010643200000p+1,,,,,
1975,random,0x1.5a72e54840000p+3,0x1.2fbe7a5b00000p+2,,,,,
1976,random,0x1.2293eb8100000p+1,0x1.e3d141b200000p+1,,,,,
1977,random,0x1.688a7d3b80000p+2,0x1.c6dfca6f00000p+2,,,,,
1978,random,0x1.f752d57c80000p+2,0x1.15e2db0600000p+1,,,,,
1979,random,0x1.f7b856ca00000p+0,0x1.0d48873d00000p+2,,,,,
1980,random,0x1.da25077d80000p+2,0x1.0b48627400000p+0,,,,,
1981,random,0x1.06101df980000p+2,0x1.a967688600000p+1,,,,,
1982,random,0x1.c8f932fb80000p+2,0x1.3b4e45a600000p+1,,,,,
1983,random,0x1.08ba1f9a40000p+3,0x1.0bd0625c00000p+0,,,,,
1984,random,0x1.5b86ccf980000p+2,0x1.62163c2100000p+2,,,,,
1985,random,0x1.1b64b46040000p+3,0x1.80c5f76b00000p+2,,,,,
1986,random,0x1.e834dbcc00000p-1,0x1.3ae21c6700000p+2,,,,,
1987,random,0x1.50c41f7fc0000p+3,0x1.1a44e64d00000p+2,,,,,
1988,random,0x1.a3777d6900000p+1,0x1.d2788db100000p+2,,,,,
1989,random,0x1.edf0230600000p+0,0x1.84a20e6900000p+2,,,,,
1990,random,0x1.608a492500000p+1,0x1.4294fdaf00000p+2,,,,,
1991,random,0x1.ac6f4a8d80000p+2,0x1.55c23f5c00000p+0,,,,,
1992,random,0x1.bb4a29c480000p+2,0x1.4236dec500000p+2,,,,,
1993,random,0x1.0e0b2bb340000p+3,0x1.e6e8f4c400000p+0,,,,,
1994,random,0x1.162026cb40000p+3,0x1.a6a1ebcc00000p+0,,,,,
1995,random,0x1.9ccf82b200000p+0,0x1.1dea939200000p+1,,,,,
1996,random,0x1.4a6038eec0000p+3,0x1.8df1f09600000p+1,,,,,
1997,random,0x1.5bd0e07780000p+2,0x1.ab79896100000p+2,,,,,
1998,random,0x1.36e51d9a40000p+3,0x1.12abc8c800000p-1,,,,,
1999,random,0x1.c6ccc89f00000p+1,0x1.3fe6f1d800000p-1,,,,,
2000,random,0x1.20991b5d00000p+1,0x1.d7d656c700000p+2,,,,,
2001,random,0x1.92ea7f2300000p+1,0x1.19c8b4ef00000p+2,,,,,
2002,random,0x1.0c0d2e1c80000p+2,0x1.3a5685a400000p+0,,,,,
2003,random,0x1.4ed4e9f100000p+1,0x1.e91ea3ca00000p+1,,,,,
2004,random,0x1.602e886540000p+3,0x1.c6753e7800000p-1,,,,,
2005,random,0x1.5302c54940000p+3,0x1.c4bd917d00000p+2,,,,,
2006,random,0x1.f56b3cef80000p+2,0x1.51c2fee500000p+2,,,,,
2007,random,0x1.105642ecc0000p+3,0x1.f2db7cf300000p+2,,,,,
2008,random,0x1.f221245d00000p+1,0x1.39136bff00000p+2,,,,,
2009,random,0x1.b8266e6600000p+0,0x1.27edcabc00000p+0,,,,,
2010,random,0x1.619bf46940000p+3,0x1.17c378bf00000p+2,,,,,
2011,random,0x1.f94b4d9000000p-3,0x1.de0ee68e00000p+1,,,,,
2012,random,0x1.0ac45d8e80000p+2,0x1.12b8e94600000p+1,,,,,
2013,random,0x1.1a8e2b4f00000p+1,0x1.6f3cd9c100000p+2,,,,,
2014,random,0x1.4e6f43c880000p+2,0x1.91f2d07700000p+2,,,,,
2015,random,0x1.d193903000000p-3,0x1.a920f0f800000p-1,,,,,
2016,random,0x1.e903c54180000p+2,0x1.6e6e72e000000p-3,,,,,
2017,random,0x1.fded605f80000p+2,0x1.fa0ee40800000p-1,,,,,
2018,random,0x1.9158196200000p+0,0x1.227bd2bc00000p+0,,,,,
2019,random,0x1.21b8a858c0000p+3,0x1.3aa4e5c700000p+2,,,,,
2020,random,0x1.10a10df400000p-1,0x1.ca9db11e00000p+1,,,,,
2021,random,0x1.5585e5f080000p+2,0x1.f2644f6600000p+1,,,,,
2022,random,0x1.f886ae8380000p+2,0x1.50244b5600000p+1,,,,,
2023,random,0x1.2f194cff40000p+3,0x1.33ef316000000p-3,,,,,
2024,random,0x1.226b507e00000p+0,0x1.7001a14600000p+1,,,,,
2025,random,0x1.7b861f5f00000p+1,0x1.3717ca1000000p-2,,,,,
2026,random,0x1.2e44196940000p+3,0x1.76659b7a00000p+1,,,,,
2027,random,0x1.acaefd5e80000p+2,0x1.6787846400000p+0,,,,,
2028,random,0x1.09bab6a2c0000p+3,0x1.81aecd1b00000p+2,,,,,
2029,random,0x1.8422a56d00000p+1,0x1.28e0cef900000p+2,,,,,
2030,random,0x1.543c6a1600000p+0,0x1.a6c25e1000000p-2,,,,,
2031,random,0x1.5aa1530700000p+1,0x1.a7e3d0dc00000p+0,,,,,
2032,random,0x1.5ba0530dc0000p+3,0x1.ce1a691e00000p+1,,,,,
2033,random,0x1.3669c55d00000p+1,0x1.d3059a1f00000p+2,,,,,
2034,random,0x1.27b9262440000p+3,0x1.65a608fd00000p+2,,,,,
2035,random,0x1.5a3cdce2c0000p+3,0x1.2487e1bd00000p+2,,,,,
2036,random,0x1.5f240fc6c0000p+3,0x1.bd1176e700000p+2,,,,,
2037,random,0x1.440942d440000p+3,0x1.fcccf45500000p+2,,,,,
2038,random,0x1.a6c66faa80000p+2,0x1.683272f800000p-1,,,,,
2039,random,0x1.7885e37940000p+3,0x1.b2e4b5f700000p+2,,,,,
2040,random,0x1.71157b9f00000p+1,0x1.a8f96a5500000p+2,,,,,
2041,random,0x1.392e5c5c00000p-1,0x1.d3ef3bdf00000p+2,,,,,
2042,random,0x1.00a6814c00000p-1,0x1.f3a0d8f300000p+2,,,,,
2043,random,0x1.19d6bf7a80000p+2,0x1.9b758b7d00000p+2,,,,,
2044,random,0x1.0da5a20100000p+1,0x1.03781fbb00000p+2,,,,,
2045,random,0x1.734241bcc0000p+3,0x1.f819046a00000p+1,,,,,
2046,random,0x1.3444e61500000p+1,0x1.4039bffc00000p+0,,,,,
2047,random,0x1.ac01940800000p-2,0x1.b7165a8d00000p+2,,,,,
2048,boundary,0x0.0p+0,0x0.0p+0,,,,,
2049,boundary,0x1.8000000000000p+3,0x0.0p+0,,,,,
2050,boundary,0x0.0p+0,0x1.0000000000000p+3,,,,,
2051,boundary,0x1.8000000000000p+3,0x1.0000000000000p+3,,,,,
2052,boundary,0x0.0p+0,0x1.0000000000000p+2,,,,,
2053,boundary,0x1.8000000000000p+3,0x1.0000000000000p+2,,,,,
2054,boundary,0x1.8000000000000p+2,0x0.0p+0,,,,,
2055,boundary,0x1.8000000000000p+2,0x1.0000000000000p+3,,,,,
2056,site,0x1.5af1013b0deefp-13,0x1.a9da63214eb2bp-2,0,0,,,
2057,site,0x1.3366eac9a8b33p-6,0x1.95e3125ab1564p-3,1,1,,,
2058,site,0x1.850ca18483de2p-5,0x1.ffad933d0bcd0p-2,2,2,,,
2059,site,0x1.ca46fa288e750p-4,0x1.1ad9195f7a3ddp-3,3,3,,,
2060,site,0x1.3f68458290ffdp-3,0x1.58e4a6e10d872p-2,4,4,,,
2061,site,0x1.d271e3247136dp-3,0x1.0acdd3bce6003p-2,5,5,,,
2062,site,0x1.23374713522b9p-2,0x1.55260ecc82244p-3,6,6,,,
2063,site,0x1.b2462cd1b3656p-2,0x1.b2cd602dadbe2p-3,7,7,,,
2064,site,0x1.06c076f36b2d9p-1,0x1.a4b634abc1b35p-3,8,8,,,
2065,site,0x1.47379446053fap-1,0x1.61689e5b04cc7p-2,9,9,,,
2066,site,0x1.8a74d729769bap-1,0x1.09063843f867fp-2,10,10,,,
2067,site,0x1.05fd51baa7c9bp+0,0x1.c2bd580636a97p-4,11,11,,,
2068,site,0x1.233e7484b8e70p+0,0x1.1a99ca8918288p-1,12,12,,,
2069,site,0x1.6e1ef7cd5a136p+0,0x1.64090307bbce7p-3,13,13,,,
2070,site,0x1.963c593967733p+0,0x1.5c726b1af0b07p-2,14,14,,,
2071,site,0x1.c112092f3b8c3p+0,0x1.0650d3d442751p-3,15,15,,,
2072,site,0x1.016c329782693p+1,0x1.f707ef0ba5ed9p-3,16,16,,,
2073,site,0x1.27bd39499a340p+1,0x1.1e718446c6f69p-1,17,17,,,
2074,site,0x1.41d8944fbb7fbp+1,0x1.1264eaa954eb5p-2,18,18,,,
2075,site,0x1.65d0aa715a407p+1,0x1.59baf78c74ed8p-2,19,19,,,
2076,site,0x1.a30e616777f24p+1,0x1.08ddf04fab3f1p-4,20,20,,,
2077,site,0x1.c13cb563b4b89p+1,0x1.b53633e21a7a4p-2,21,21,,,
2078,site,0x1.d9e242e330c35p+1,0x1.03ca060577dcbp-1,22,22,,,
2079,site,0x1.01dd2430c83a6p+2,0x1.c2fadce00d25ep-2,23,23,,,
2080,site,0x1.27fa7e47753a0p+2,0x1.d751cb9213b8cp-2,24,24,,,
2081,site,0x1.31ed781edec14p+2,0x1.7a42730ec9717p-3,25,25,,,
2082,site,0x1.4fec9d02dd6dbp+2,0x1.13378dfc1a1dbp-3,26,26,,,
2083,site,0x1.63223e2bb6347p+2,0x1.0ad1d7c09d5d8p-2,27,27,,,
2084,site,0x1.82982adb2c5bep+2,0x1.37caa3a857296p-2,28,28,,,
2085,site,0x1.9bcdec08594c7p+2,0x1.01d7a66866a7bp-1,29,29,,,
2086,site,0x1.c412cf1257126p+2,0x1.fd7adc67425bdp-2,30,30,,,
2087,site,0x1.d6e74c9d52359p+2,0x1.c757e0ffe9658p-3,31,31,,,
2088,site,0x1.02a9fa7158a03p+3,0x1.754e0e6623feep-3,32,32,,,
2089,site,0x1.12f2e74ab1a76p+3,0x1.383dd86b3950dp-2,33,33,,,
2090,site,0x1.1d83437357e99p+3,0x1.ce35cf6225a33p-3,34,34,,,
2091,site,0x1.332c0ba66f450p+3,0x1.aa24e3da718aep-4,35,35,,,
2092,site,0x1.463a49e741e21p+3,0x1.0e838b47de362p-1,36,36,,,
2093,site,0x1.57609fb09ead3p+3,0x1.7436ec7053312p-2,37,37,,,
2094,site,0x1.670ceda213287p+3,0x1.03626981e3891p-2,38,38,,,
2095,site,0x1.70fda5541cbefp+3,0x1.1bd3633c2407cp-1,39,39,,,
2096,site,0x1.b312d0b088d5dp-11,0x1.2b6d0fafa210ep+0,40,40,,,
2097,site,0x1.ec578f793aa5dp-7,0x1.ec564fbcfb78ap-1,41,41,,,
2098,site,0x1.9ae174215a5a6p-5,0x1.a61baae1edb3cp-1,42,42,,,
2099,site,0x1.62991bcbfae96p-4,0x1.f52cb1ba216ffp-1,43,43,,,
2100,site,0x1.5f018e31362b1p-3,0x1.67112a4a50e93p-1,44,44,,,
2101,site,0x1.ccb25800183ecp-3,0x1.a9f494e393cd3p-1,45,45,,,
2102,site,0x1.6bef19ae5d71ep-2,0x1.c96c8d2d83cbbp-1,46,46,,,
2103,site,0x1.90797b8fc1822p-2,0x1.fd2d27309eb2ap-1,47,47,,,
2104,site,0x1.00bb3f6e25d11p-1,0x1.6db43d7dfd50ep-1,48,48,,,
2105,site,0x1.3f72881c1e9e7p-1,0x1.b17e88ae3d634p-1,49,49,,,
2106,site,0x1.a2485a636a913p-1,0x1.237a596ee4400p+0,50,50,,,
2107,site,0x1.0cbaa5583e6f7p+0,0x1.ea7eb895ab28ep-1,51,51,,,
2108,site,0x1.2915a1f6621fdp+0,0x1.c7ef6d5f73ab0p-1,52,52,,,
2109,site,0x1.66504d3b017d0p+0,0x1.a4908cbb88319p-1,53,53,,,
2110,site,0x1.9d179eb6b1093p+0,0x1.079bb500b59fap+0,54,54,,,
2111,site,0x1.d4535a3f701dfp+0,0x1.72fde39c5451dp-1,55,55,,,
2112,site,0x1.f259985321c83p+0,0x1.afdcf809399c7p-1,56,56,,,
2113,site,0x1.2b3ba71f23712p+1,0x1.18e1010a71a11p+0,57,57,,,
2114,site,0x1.448c28d02e506p+1,0x1.9c903f1a13284p-1,58,58,,,
2115,site,0x1.5ee4e1e9cc31ep+1,0x1.243260351277ap+0,59,59,,,
2116,site,0x1.a1cec13e124d0p+1,0x1.b6967653a379fp-1,60,60,,,
2117,site,0x1.c3440399c4f73p+1,0x1.02f333d0d152ap+0,61,61,,,
2118,site,0x1.e0794b158b52bp+1,0x1.22bc0eaae335ap+0,62,62,,,
2119,site,0x1.0cf37589368c6p+2,0x1.c083a44fc9272p-1,63,63,,,
2120,site,0x1.2794ea0b01b3ap+2,0x1.ee8c17fdbc436p-1,64,64,,,
2121,site,0x1.2fa3077063d58p+2,0x1.6f1ffc7b26302p-1,65,65,,,
2122,site,0x1.50f94c7293925p+2,0x1.6ecb778bf304ep-1,66,66,,,
2123,site,0x1.67c00a3de6206p+2,0x1.8c8405ee6bef0p-1,67,67,,,
2124,site,0x1.8c758539f00b4p+2,0x1.6fb101cfc8dc7p-1,68,68,,,
2125,site,0x1.a07fe486ea752p+2,0x1.c17b8321999fap-1,69,69,,,
2126,site,0x1.ba4f230f3805fp+2,0x1.aea45fb610d2dp-1,70,70,,,
2127,site,0x1.e4726155113bdp+2,0x1.1858837d41e5bp+0,71,71,,,
2128,site,0x1.fcdfca6c051fbp+2,0x1.daabe29a98c15p-1,72,72,,,
2129,site,0x1.08754c4db970cp+3,0x1.b89c4c9c6c662p-1,73,73,,,
2130,site,0x1.1b0a55ef9a4aep+3,0x1.07be17152ba55p+0,74,74,,,
2131,site,0x1.31781105af267p+3,0x1.eb96e532aa720p-1,75,75,,,
2132,site,0x1.42ef22c930443p+3,0x1.d683ebfd2daa8p-1,76,76,,,
2133,site,0x1.573cea917f0fep+3,0x1.b9fc5cb2178d9p-1,77,77,,,
2134,site,0x1.61038227998d4p+3,0x1.abd65e8d10495p-1,78,78,,,
2135,site,0x1.727c54835f682p+3,0x1.b21917285e3abp-1,79,79,,,
2136,site,0x1.e96d7d8412b7dp-9,0x1.579e9761392a5p+0,80,80,,,
2137,site,0x1.2de3a110f7d15p-6,0x1.949398a52db20p+0,81,81,,,
2138,site,0x1.f564f4ecbe8b1p-5,0x1.b28144029a1a9p+0,82,82,,,
2139,site,0x1.86189f92c6ccfp-4,0x1.8174cb2b10d92p+0,83,83,,,
2140,site,0x1.61a7db3929ba3p-3,0x1.bd89bfb11d464p+0,84,84,,,
2141,site,0x1.c0d6d80f7ba26p-3,0x1.5571498005dbfp+0,85,85,,,
2142,site,0x1.5db8cc75f6770p-2,0x1.9fa8ffb375c59p+0,86,86,,,
2143,site,0x1.9606188bfb45cp-2,0x1.4fd252b9680acp+0,87,87,,,
2144,site,0x1.099432d6f5db5p-1,0x1.6ef927a6e2d72p+0,88,88,,,
2145,site,0x1.4aef63ea429c8p-1,0x1.84b9d92d6da76p+0,89,89,,,
2146,site,0x1.9d5b42a40f6c3p-1,0x1.663e736170b5dp+0,90,90,,,
2147,site,0x1.04a625d1cf71bp+0,0x1.a28dfd93e39f5p+0,91,91,,,
2148,site,0x1.21835d2aa1235p+0,0x1.5babe3b254b43p+0,92,92,,,
2149,site,0x1.67e0f7b6b0a8dp+0,0x1.9c417bcc1271ep+0,93,93,,,
2150,site,0x1.96d6d1e1842a1p+0,0x1.922445d1a8ae7p+0,94,94,,,
2151,site,0x1.b5f16ec9a56e0p+0,0x1.6218c075ecb7ep+0,95,95,,,
2152,site,0x1.f4cba832da02bp+0,0x1.580e0a4badebcp+0,96,96,,,
2153,site,0x1.2deae40a4a389p+1,0x1.5c73def75d4cep+0,97,97,,,
2154,site,0x1.42dc1bde4f10bp+1,0x1.5ec7b45f16ce5p+0,98,98,,,
2155,site,0x1.686629b0220b8p+1,0x1.bb54b1ed89bcap+0,99,99,,,
2156,site,0x1.89a66d63f64d6p+1,0x1.855d60421b186p+0,100,100,,,
2157,site,0x1.af3695e4fb030p+1,0x1.a4afe37b196b4p+0,101,101,,,
2158,site,0x1.e35738f03a728p+1,0x1.a95c756c86b5cp+0,102,102,,,
2159,site,0x1.0577adb5b29f4p+2,0x1.82c80d6a13376p+0,103,103,,,
2160,site,0x1.27891e2119290p+2,0x1.4d49b3d26d0d9p+0,104,104,,,
2161,site,0x1.394164c2655e8p+2,0x1.55ccffbb92f07p+0,105,105,,,
2162,site,0x1.565f2af4459bfp+2,0x1.5bd5dde83493ap+0,106,106,,,
2163,site,0x1.73ab14dc37b93p+2,0x1.87100abf86588p+0,107,107,,,
2164,site,0x1.87148ca49704bp+2,0x1.8999178862b93p+0,108,108,,,
2165,site,0x1.a0e99adf10b92p+2,0x1.a75e64ec14c7cp+0,109,109,,,
2166,site,0x1.b72b4a4b7b250p+2,0x1.6fcf828555e66p+0,110,110,,,
2167,site,0x1.e41fd51f9049bp+2,0x1.be24943d25a8bp+0,111,111,,,
2168,site,0x1.f1ee80dfaac84p+2,0x1.b7953f13e2087p+0,112,112,,,
2169,site,0x1.09f19bd390e7bp+3,0x1.6a7e9170c0c92p+0,113,113,,,
2170,site,0x1.18ce77f342e80p+3,0x1.52fa73d30efa6p+0,114,114,,,
2171,site,0x1.2c611f0604199p+3,0x1.80ce6ef89cc3dp+0,115,115,,,
2172,site,0x1.408662000017cp+3,0x1.b4a2f7dcb61bbp+0,116,116,,,
2173,site,0x1.5386f64648734p+3,0x1.6d9818fc21240p+0,117,117,,,
2174,site,0x1.64038f9eace13p+3,0x1.58f0ccbe6cd21p+0,118,118,,,
2175,site,0x1.77001740a2789p+3,0x1.aa800bc8b446bp+0,119,119,,,
2176,site,0x1.9f991213ccc1dp-9,0x1.e673910169277p+0,120,120,,,
2177,site,0x1.58c8d100e7ff1p-6,0x1.16bebc784e8f9p+1,121,121,,,
2178,site,0x1.c02db523a73b1p-5,0x1.00569e17586c6p+1,122,122,,,
2179,site,0x1.8a05aacada225p-4,0x1.0c203bf28355bp+1,123,123,,,
2180,site,0x1.5ec60ac61dbb8p-3,0x1.2312f578d891dp+1,124,124,,,
2181,site,0x1.0168a81d04cedp-2,0x1.e2230688fd90cp+0,125,125,,,
2182,site,0x1.4a136d0b4a3e7p-2,0x1.e79a99231392fp+0,126,126,,,
2183,site,0x1.c5ce8a4808143p-2,0x1.faa171a4cade9p+0,127,127,,,
2184,site,0x1.159836f8f3b02p-1,0x1.e1dee5274d20fp+0,128,128,,,
2185,site,0x1.43b1d9d934d60p-1,0x1.2265cb86f1a47p+1,129,129,,,
2186,site,0x1.a1bb9405d57f9p-1,0x1.127fd823c51eap+1,130,130,,,
2187,site,0x1.0295be504d7acp+0,0x1.13c04efd6f906p+1,131,131,,,
2188,site,0x1.2a9547bdbc04dp+0,0x1.0e6556cd20759p+1,132,132,,,
2189,site,0x1.704dbea57a8d4p+0,0x1.fd1816ff48f40p+0,133,133,,,
2190,site,0x1.a23ba570c0ebap+0,0x1.f080926532c49p+0,134,134,,,
2191,site,0x1.b65e89d322a39p+0,0x1.ed8c8972ddd0fp+0,135,135,,,
2192,site,0x1.f9e099339d0d4p+0,0x1.02eed8e1cebbap+1,136,136,,,
2193,site,0x1.2854d0a00567ep+1,0x1.1b77b5417366cp+1,137,137,,,
2194,site,0x1.4471a4f927ca8p+1,0x1.f40c69a9a11a7p+0,138,138,,,
2195,site,0x1.70b937d08f084p+1,0x1.f8c04587bab99p+0,139,139,,,
2196,site,0x1.9c55a30d0bb7ep+1,0x1.f1f70e0b2f946p+0,140,140,,,
2197,site,0x1.b571b7077a823p+1,0x1.1638dbf3db0efp+1,141,141,,,
2198,site,0x1.da17b0b09bfdbp+1,0x1.fd564b4d67cfep+0,142,142,,,
2199,site,0x1.04b02757a599cp+2,0x1.24bf0508e9ef8p+1,143,143,,,
2200,site,0x1.1ef9d86c00434p+2,0x1.1790dd148fa30p+1,144,144,,,
2201,site,0x1.32aa313a8dc03p+2,0x1.243ec3cd490a5p+1,145,145,,,
2202,site,0x1.4a8782299b80ep+2,0x1.1680f20ac78f0p+1,146,146,,,
2203,site,0x1.6f9afa325ab7bp+2,0x1.20da9a73b71ffp+1,147,147,,,
2204,site,0x1.7cac5f43b7e7bp+2,0x1.df0b6c7c1b89bp+0,148,148,,,
2205,site,0x1.98c7465e3cdf3p+2,0x1.0390d370d4c85p+1,149,149,,,
2206,site,0x1.c3846d9b0a620p+2,0x1.ff9c9fb9cda5bp+0,150,150,,,
2207,site,0x1.df736c9984808p+2,0x1.0e80c2bef93aap+1,151,151,,,
2208,site,0x1.f2225f1ad893fp+2,0x1.07a1e347c729ep+1,152,152,,,
2209,site,0x1.0c88c311aed2ap+3,0x1.061b8155c4c20p+1,153,153,,,
2210,site,0x1.2089b02ce013ap+3,0x1.fd98f1dff08f4p+0,154,154,,,
2211,site,0x1.2cd78cbe5d176p+3,0x1.09beabf87bba7p+1,155,155,,,
2212,site,0x1.3f9cc3bca48ffp+3,0x1.030bcf4f53a7ep+1,156,156,,,
2213,site,0x1.4e90c18afe687p+3,0x1.23994886ee325p+1,157,157,,,
2214,site,0x1.64aaa0da111d2p+3,0x1.1005ca7a14612p+1,158,158,,,
2215,site,0x1.7584feb959a7bp+3,0x1.eff619a04ef24p+0,159,159,,,
2216,site,0x1.560e9fe24b6e8p-9,0x1.44e1557f61a96p+1,160,160,,,
2217,site,0x1.7bfdc83128ebbp-6,0x1.48493351feacap+1,161,161,,,
2218,site,0x1.fd758061b431dp-5,0x1.61b5786034645p+1,162,162,,,
2219,site,0x1.8020e0e487c75p-4,0x1.5007def914393p+1,163,163,,,
2220,site,0x1.0613f224a70b1p-3,0x1.4a19c69286e25p+1,164,164,,,
2221,site,0x1.99aa4c3252e38p-3,0x1.5b05ba28ea44dp+1,165,165,,,
2222,site,0x1.545302045560dp-2,0x1.545e5834c5469p+1,166,166,,,
2223,site,0x1.b83a1f9ea23c2p-2,0x1.53e3cafd26f5ep+1,167,167,,,
2224,site,0x1.17db1791bd21cp-1,0x1.3f3e007b7db4fp+1,168,168,,,
2225,site,0x1.70d30604b313bp-1,0x1.62c426cc9708ep+1,169,169,,,
2226,site,0x1.c31cda3072ecdp-1,0x1.3592ae6056f59p+1,170,170,,,
2227,site,0x1.e8496ff72f9d6p-1,0x1.50fffea2afda3p+1,171,171,,,
2228,site,0x1.1ed5640bbe0a4p+0,0x1.3c8524ed06cebp+1,172,172,,,
2229,site,0x1.6d25f8607c0b6p+0,0x1.43a8e20944f85p+1,173,173,,,
2230,site,0x1.a8dc92b02e2bdp+0,0x1.62b1dd55359b4p+1,174,174,,,
2231,site,0x1.be96b88ab315fp+0,0x1.398669b61bd92p+1,175,175,,,
2232,site,0x1.fecb75d9ed48ap+0,0x1.4e88bd1fa35d1p+1,176,176,,,
2233,site,0x1.1fa49da344db3p+1,0x1.5a8638c39e43ap+1,177,177,,,
2234,site,0x1.4bce1768a281fp+1,0x1.68ccc5b07e01ep+1,178,178,,,
2235,site,0x1.5f624acbe317ap+1,0x1.4d381cadd4d61p+1,179,179,,,
2236,site,0x1.9360f5c2045e5p+1,0x1.37efb89e7f0d9p+1,180,180,,,
2237,site,0x1.b0668d3b23347p+1,0x1.3ba465c100fa5p+1,181,181,,,
2238,site,0x1.eba492f27b3e5p+1,0x1.4677c70f8d029p+1,182,182,,,
2239,site,0x1.10d36f064e95cp+2,0x1.4329bf05c3735p+1,183,183,,,
2240,site,0x1.1b0c14c93c899p+2,0x1.54a0dd2e80199p+1,184,184,,,
2241,site,0x1.40f79170d552ap+2,0x1.51a824377f6dap+1,185,185,,,
2242,site,0x1.4a23995e51d5dp+2,0x1.51e8ede65230ap+1,186,186,,,
2243,site,0x1.6a877bd41792bp+2,0x1.5bc1d63eea589p+1,187,187,,,
2244,site,0x1.846f47c22f7adp+2,0x1.63d5c1a8a30e7p+1,188,188,,,
2245,site,0x1.a416d002d5490p+2,0x1.445480fbb9c76p+1,189,189,,,
2246,site,0x1.bfe4f94c3c152p+2,0x1.65e42ac1aa3a3p+1,190,190,,,
2247,site,0x1.dbc5d097cbfb8p+2,0x1.345a30a157c54p+1,191,191,,,
2248,site,0x1.fe5db528bc616p+2,0x1.43ce35ee855d5p+1,192,192,,,
2249,site,0x1.1002b16d7f67dp+3,0x1.5bff8a9db3396p+1,193,193,,,
2250,site,0x1.1c98f26020d56p+3,0x1.3cffbc20b32aap+1,194,194,,,
2251,site,0x1.3343dff5a00a3p+3,0x1.472e6599d816bp+1,195,195,,,
2252,site,0x1.4113fb1c3f44ep+3,0x1.36e0532e146fep+1,196,196,,,
2253,site,0x1.4fbb3b00fba93p+3,0x1.4669e9700f9c9p+1,197,197,,,
2254,site,0x1.657b43a92f27ap+3,0x1.5f44235a75b16p+1,198,198,,,
2255,site,0x1.7d77063f85516p+3,0x1.48f0b1be1af7ap+1,199,199,,,
2256,site,0x1.26950b3f30e51p-8,0x1.8b08f885832b1p+1,200,200,,,
2257,site,0x1.96423b11d9256p-7,0x1.a64ad37f5b1eep+1,201,201,,,
2258,site,0x1.557540a21a49ap-5,0x1.a08a80eedc6d5p+1,202,202,,,
2259,site,0x1.4a6a4316ca3f7p-4,0x1.919c2fae5d0efp+1,203,203,,,
2260,site,0x1.07cf4e9849538p-3,0x1.7b1589462885ap+1,204,204,,,
2261,site,0x1.e65688c2fbe52p-3,0x1.86e4cb9e59825p+1,205,205,,,
2262,site,0x1.61df8132cb65ap-2,0x1.8b196b8aedc50p+1,206,206,,,
2263,site,0x1.c2945eb3dc43bp-2,0x1.86ce47f6b6f82p+1,207,207,,,
2264,site,0x1.2be360a62db59p-1,0x1.9cc8d8af73e74p+1,208,208,,,
2265,site,0x1.3eeb625acd8d7p-1,0x1.7edd19c1ba213p+1,209,209,,,
2266,site,0x1.a7fb3aad06952p-1,0x1.7ae5f5ba40ea8p+1,210,210,,,
2267,site,0x1.eff3fe519035ep-1,0x1.7d1ae6cd4e6aep+1,211,211,,,
2268,site,0x1.266f6e86c5550p+0,0x1.9ada142e95ae2p+1,212,212,,,
2269,site,0x1.55f0caf88e98dp+0,0x1.813ddc49df9a7p+1,213,213,,,
2270,site,0x1.88e6773f73aa4p+0,0x1.9acdf8b4e56e9p+1,214,214,,,
2271,site,0x1.babba008ee95dp+0,0x1.938ece36163fbp+1,215,215,,,
2272,site,0x1.07accd2c4a119p+1,0x1.8b63f2aa5c235p+1,216,216,,,
2273,site,0x1.211f13d5d6b4ep+1,0x1.9c1b08297ac0ep+1,217,217,,,
2274,site,0x1.55a929fc9bd7fp+1,0x1.78f513af1b4d8p+1,218,218,,,
2275,site,0x1.7959aa2e93cb5p+1,0x1.91ed518251c14p+1,219,219,,,
2276,site,0x1.8ae0659eb4b1ap+1,0x1.7865bf5a9ca5fp+1,220,220,,,
2277,site,0x1.bc8030b6eb1efp+1,0x1.a7dfbbfb113aap+1,221,221,,,
2278,site,0x1.e3444ca6dc7a1p+1,0x1.a5089ca8e147dp+1,222,222,,,
2279,site,0x1.08dcf518cde99p+2,0x1.8020b7e8dccedp+1,223,223,,,
2280,site,0x1.24fea4e542322p+2,0x1.a6fc9d5c64172p+1,224,224,,,
2281,site,0x1.35d15f110029dp+2,0x1.83d181a2ed928p+1,225,225,,,
2282,site,0x1.5472a7660abcep+2,0x1.aa2c3bf96c052p+1,226,226,,,
2283,site,0x1.61cf03f590e2cp+2,0x1.92a2c405ddcb9p+1,227,227,,,
2284,site,0x1.7f1cf800d7cdap+2,0x1.92550c1e29d17p+1,228,228,,,
2285,site,0x1.9a15e796dcd91p+2,0x1.7fd8963ce7357p+1,229,229,,,
2286,site,0x1.bf3677bdb7331p+2,0x1.9cbe163b44bebp+1,230,230,,,
2287,site,0x1.d5feca932e01dp+2,0x1.9fc2dbb7c097bp+1,231,231,,,
2288,site,0x1.012339a0d34fcp+3,0x1.926642ab4d25ep+1,232,232,,,
2289,site,0x1.070140ac056efp+3,0x1.9a07f3af6e382p+1,233,233,,,
2290,site,0x1.22d3e227f0016p+3,0x1.829a5059607a8p+1,234,234,,,
2291,site,0x1.30a0d8562e206p+3,0x1.9f1aa2d6ccb01p+1,235,235,,,
2292,site,0x1.457c09d3d591ep+3,0x1.7afc9df10bbacp+1,236,236,,,
2293,site,0x1.53a09dd60d2bfp+3,0x1.a9a397ae15e73p+1,237,237,,,
2294,site,0x1.6873d293302acp+3,0x1.7b5141b857690p+1,238,238,,,
2295,site,0x1.7d03b4fa14315p+3,0x1.944f1b169597bp+1,239,239,,,
2296,site,0x1.c1efcc1275b83p-10,0x1.c679c906b9c00p+1,240,240,,,
2297,site,0x1.0a369071aab1cp-6,0x1.c43635949f430p+1,241,241,,,
2298,site,0x1.c61b427310dcdp-5,0x1.b80bf81edd138p+1,242,242,,,
2299,site,0x1.308e5ec836040p-4,0x1.d5ba9ce412c18p+1,243,243,,,
2300,site,0x1.62d7eb77c1b07p-3,0x1.c23ff3f0d8c84p+1,244,244,,,
2301,site,0x1.efd66358580dap-3,0x1.d5ca943b6a632p+1,245,245,,,
2302,site,0x1.383acd343f54ap-2,0x1.e589a25d5e0f7p+1,246,246,,,
2303,site,0x1.bc5478d89cba9p-2,0x1.d0d239ddb36e4p+1,247,247,,,
2304,site,0x1.2661ca3627bedp-1,0x1.c7358a83ad608p+1,248,248,,,
2305,site,0x1.62e14fe11fd2bp-1,0x1.dee59f5bebbebp+1,249,249,,,
2306,site,0x1.ac7c8f3135fcdp-1,0x1.d63ca487d782cp+1,250,250,,,
2307,site,0x1.e38a3fbe93b73p-1,0x1.d956471c10f09p+1,251,251,,,
2308,site,0x1.2d350aefb2364p+0,0x1.bb8a29cecac08p+1,252,252,,,
2309,site,0x1.653aa059a0b4fp+0,0x1.dd2e0df9532e4p+1,253,253,,,
2310,site,0x1.8cccdf2c936f7p+0,0x1.df89b5e59c980p+1,254,254,,,
2311,site,0x1.d4361f680b124p+0,0x1.c557c5f23f897p+1,255,255,,,
2312,site,0x1.0b7c3eb5f7d8ap+1,0x1.cbee772d6349dp+1,256,256,,,
2313,site,0x1.1d9847ff11bcbp+1,0x1.c14fa2a6424cep+1,257,257,,,
2314,site,0x1.45d1c3a23a244p+1,0x1.d80551e26d915p+1,258,258,,,
2315,site,0x1.5ea1fb1062ea5p+1,0x1.cbd0009a84efcp+1,259,259,,,
2316,site,0x1.9fb496496a40ap+1,0x1.e35cd728d8370p+1,260,260,,,
2317,site,0x1.b32e52f3d3148p+1,0x1.c492ab840153ap+1,261,261,,,
2318,site,0x1.dbfea3ed5077fp+1,0x1.be541b1f12b06p+1,262,262,,,
2319,site,0x1.07081c3c6c4abp+2,0x1.cf21cd10700a3p+1,263,263,,,
2320,site,0x1.1d39933422cbap+2,0x1.e56888fdba51cp+1,264,264,,,
2321,site,0x1.3ecf4780d7604p+2,0x1.cac516d49fb65p+1,265,265,,,
2322,site,0x1.4e0794c9530e5p+2,0x1.be58102da4254p+1,266,266,,,
2323,site,0x1.66e11e1f4a41bp+2,0x1.ba04c7419a43ep+1,267,267,,,
2324,site,0x1.84e2db4247618p+2,0x1.bff913419db62p+1,268,268,,,
2325,site,0x1.a508aa00f0f19p+2,0x1.ba53f3e97d6afp+1,269,269,,,
2326,site,0x1.b9392a284e3dfp+2,0x1.beb49efa97fe2p+1,270,270,,,
2327,site,0x1.d943eba0226e2p+2,0x1.ba2cf4a00decfp+1,271,271,,,
2328,site,0x1.02121f42453b6p+3,0x1.c2e16e6d6757bp+1,272,272,,,
2329,site,0x1.0ac44e9f299cap+3,0x1.c5e6c2b6b65f4p+1,273,273,,,
2330,site,0x1.1ff49e3e37b16p+3,0x1.bce8dc4c6a860p+1,274,274,,,
2331,site,0x1.2babfa9d7e212p+3,0x1.e1881285376cap+1,275,275,,,
2332,site,0x1.40174f5806e1bp+3,0x1.e1ec48161368cp+1,276,276,,,
2333,site,0x1.56f07feb7fb01p+3,0x1.bef6c7e9392dfp+1,277,277,,,
2334,site,0x1.5f440f51c0625p+3,0x1.c1f439591b7f0p+1,278,278,,,
2335,site,0x1.7aa156bea2898p+3,0x1.d83135ba05068p+1,279,279,,,
2336,site,0x1.7dbdc5d198219p-9,0x1.0314910ee707ep+2,280,280,,,
2337,site,0x1.94d6c48f47681p-6,0x1.f712fda70ccc8p+1,281,281,,,
2338,site,0x1.b5df6f2bc5477p-5,0x1.0473a1866b54ep+2,282,282,,,
2339,site,0x1.5700efab9c637p-4,0x1.059e541938ae0p+2,283,283,,,
2340,site,0x1.3abcf58013c6bp-3,0x1.0e2aa7bb16d5ap+2,284,284,,,
2341,site,0x1.0798090e26f52p-2,0x1.047662c3196ffp+2,285,285,,,
2342,site,0x1.1eb536ab90aa5p-2,0x1.039ffa0470766p+2,286,286,,,
2343,site,0x1.ab724e0b9c27ep-2,0x1.fbec0e8461e92p+1,287,287,,,
2344,site,0x1.05aba3018312fp-1,0x1.09ca61787791dp+2,288,288,,,
2345,site,0x1.4539f92b0dd8ep-1,0x1.0f0dd59dcbf1bp+2,289,289,,,
2346,site,0x1.be31e373a608dp-1,0x1.07c6a24fc45b6p+2,290,290,,,
2347,site,0x1.f43e90ef29faap-1,0x1.0fbddbd17a62cp+2,291,291,,,
2348,site,0x1.2f3033ad871b6p+0,0x1.fb388d667d13fp+1,292,292,,,
2349,site,0x1.609fb6793e26ap+0,0x1.05dbb2d066d73p+2,293,293,,,
2350,site,0x1.9fae4eb14065dp+0,0x1.00e3480d759a4p+2,294,294,,,
2351,site,0x1.e2083ae612194p+0,0x1.034d0d52eaa6bp+2,295,295,,,
2352,site,0x1.120dddc722b5ep+1,0x1.051684ef9e92cp+2,296,296,,,
2353,site,0x1.23b51f9007bf9p+1,0x1.ff976e05c5952p+1,297,297,,,
2354,site,0x1.4f2c71e79f5c6p+1,0x1.02d2284bcfcd7p+2,298,298,,,
2355,site,0x1.73876352e1a27p+1,0x1.01187e2e247c2p+2,299,299,,,
2356,site,0x1.9933a5ee530b1p+1,0x1.096074209eba1p+2,300,300,,,
2357,site,0x1.bf0c22841b55cp+1,0x1.f7168efd118a4p+1,301,301,,,
2358,site,0x1.dc0ea985769fap+1,0x1.053f4ec338249p+2,302,302,,,
2359,site,0x1.07f4fd009074fp+2,0x1.f5c13d80ca692p+1,303,303,,,
2360,site,0x1.227bbf6b33d62p+2,0x1.04a7dda5407a5p+2,304,304,,,
2361,site,0x1.3a3509e66d56dp+2,0x1.0124ccb0b68abp+2,305,305,,,
2362,site,0x1.4e38fda31f31ep+2,0x1.02dac78846376p+2,306,306,,,
2363,site,0x1.730df863c50f8p+2,0x1.0c358f0152cfep+2,307,307,,,
2364,site,0x1.8b2e0986f2e9dp+2,0x1.0630b27bbfba2p+2,308,308,,,
2365,site,0x1.9da6e5f298c78p+2,0x1.fea2565f24a03p+1,309,309,,,
2366,site,0x1.ba137ae1a63c4p+2,0x1.03d49252ead3bp+2,310,310,,,
2367,site,0x1.e005b9d79b134p+2,0x1.09b60d9fe261bp+2,311,311,,,
2368,site,0x1.01c71284591b1p+3,0x1.0041da132118ap+2,312,312,,,
2369,site,0x1.108d95cc4a969p+3,0x1.0f2ee7dfefce4p+2,313,313,,,
2370,site,0x1.20d3f79fae7e7p+3,0x1.03fbb98b8bc8dp+2,314,314,,,
2371,site,0x1.302472bbd080bp+3,0x1.07b845b836cd7p+2,315,315,,,
2372,site,0x1.45af977dbe9b4p+3,0x1.064fb180bb0eep+2,316,316,,,
2373,site,0x1.4c42386471601p+3,0x1.06c170829596dp+2,317,317,,,
2374,site,0x1.6338bd187b3eep+3,0x1.fc977315f9d76p+1,318,318,,,
2375,site,0x1.72f2250472c69p+3,0x1.f701ef8054f1ap+1,319,319,,,
2376,site,0x1.6656cd95cece7p-13,0x1.2b996173f8259p+2,320,320,,,
2377,site,0x1.719bb56c47d17p-6,0x1.2281741bf666dp+2,321,321,,,
2378,site,0x1.dc84988a0f59ep-5,0x1.1efd9eebd9665p+2,322,322,,,
2379,site,0x1.95c49661915bcp-4,0x1.28911a7da466cp+2,323,323,,,
2380,site,0x1.068140224faf3p-3,0x1.2b89c5096a103p+2,324,324,,,
2381,site,0x1.ef898c80a095dp-3,0x1.2510a6a04cfbap+2,325,325,,,
2382,site,0x1.4a0fdbeb71596p-2,0x1.1faf7fd41bfedp+2,326,326,,,
2383,site,0x1.91f77d128bd3ep-2,0x1.1df8c55dfd00cp+2,327,327,,,
2384,site,0x1.0952d5fc6a6b9p-1,0x1.2af0df423d461p+2,328,328,,,
2385,site,0x1.77fb7199420b6p-1,0x1.1ec94d0a5fadbp+2,329,329,,,
2386,site,0x1.bab5b67683e00p-1,0x1.2a2fe789087e9p+2,330,330,,,
2387,site,0x1.dcc8a7a7acdedp-1,0x1.22964742d1115p+2,331,331,,,
2388,site,0x1.25328e5d5222bp+0,0x1.2780c1381f1bdp+2,332,332,,,
2389,site,0x1.683c366aad6b3p+0,0x1.27352a0917943p+2,333,333,,,
2390,site,0x1.85b9f24555de4p+0,0x1.23a8f9e16aa00p+2,334,334,,,
2391,site,0x1.dc552e0351eaep+0,0x1.275735f46331bp+2,335,335,,,
2392,site,0x1.0482fba250cbcp+1,0x1.2617fba4d73c9p+2,336,336,,,
2393,site,0x1.1d9c4c9ce272dp+1,0x1.2988733465357p+2,337,337,,,
2394,site,0x1.5280e512ceeb8p+1,0x1.24f10c56000f7p+2,338,338,,,
2395,site,0x1.75a0b49c35beep+1,0x1.2a3d18881502bp+2,339,339,,,
2396,site,0x1.86cacd91ad579p+1,0x1.263ae7ba505d8p+2,340,340,,,
2397,site,0x1.aece62671a49fp+1,0x1.17e764a3a5eb6p+2,341,341,,,
2398,site,0x1.da7a62799c681p+1,0x1.24e78eb41c864p+2,342,342,,,
2399,site,0x1.0707fb05e49bcp+2,0x1.1c70fadf3ce56p+2,343,343,,,
2400,site,0x1.2906fb0bebeb4p+2,0x1.22738d9e9f7bcp+2,344,344,,,
2401,site,0x1.3d47e196cd80ep+2,0x1.1c8567db2701dp+2,345,345,,,
2402,site,0x1.5a2541aaed14ap+2,0x1.1c41a77ce12a9p+2,346,346,,,
2403,site,0x1.7148b2704e027p+2,0x1.27d78cc834c46p+2,347,347,,,
2404,site,0x1.8b61a6e32dab2p+2,0x1.19d1c06d1f21ap+2,348,348,,,
2405,site,0x1.a483fb7d2539ap+2,0x1.1aac2afda6413p+2,349,349,,,
2406,site,0x1.bffeff802ff33p+2,0x1.1cc8e113d9285p+2,350,350,,,
2407,site,0x1.e1c08bdd2d2a0p+2,0x1.27381b9825ad4p+2,351,351,,,
2408,site,0x1.fd83e91a2453ep+2,0x1.1764bcf6f88d8p+2,352,352,,,
2409,site,0x1.0744d7d3aa169p+3,0x1.1cf37e9468ef0p+2,353,353,,,
2410,site,0x1.1ead0ad9265fbp+3,0x1.294a114791f48p+2,354,354,,,
2411,site,0x1.31017715b700ap+3,0x1.2833b25be354ap+2,355,355,,,
2412,site,0x1.39d2ae2139453p+3,0x1.1ee2c86d165bcp+2,356,356,,,
2413,site,0x1.5772419c6173fp+3,0x1.1c702a88c1777p+2,357,357,,,
2414,site,0x1.5d833c293771fp+3,0x1.1a77724444ff5p+2,358,358,,,
2415,site,0x1.79082203372c6p+3,0x1.1fb2c94175ef7p+2,359,359,,,
2416,site,0x1.d08a99b1acfd0p-9,0x1.3c3b96b2a3843p+2,360,360,,,
2417,site,0x1.47bccddbf52eap-6,0x1.451f5f1b4c262p+2,361,361,,,
2418,site,0x1.41c5836577554p-5,0x1.357cb7b3d47b6p+2,362,362,,,
2419,site,0x1.77768b817661ep-4,0x1.31049fba8cc39p+2,363,363,,,
2420,site,0x1.45b324ef394a4p-3,0x1.3a1b5204424bfp+2,364,364,,,
2421,site,0x1.b2563fb85d636p-3,0x1.3b22aebb5026ep+2,365,365,,,
2422,site,0x1.1f9895d8bae1dp-2,0x1.392dcef46df30p+2,366,366,,,
2423,site,0x1.87d454a1efc29p-2,0x1.3bf3e61b2fd1fp+2,367,367,,,
2424,site,0x1.13861ca999f10p-1,0x1.38a5616dcce54p+2,368,368,,,
2425,site,0x1.46e0074ae0884p-1,0x1.4428d903117cap+2,369,369,,,
2426,site,0x1.8d1bb4ff7d732p-1,0x1.3b546008988f0p+2,370,370,,,
2427,site,0x1.0ea99d0fd7ed3p+0,0x1.360166e638bf7p+2,371,371,,,
2428,site,0x1.2497ddef202ecp+0,0x1.3270f5a92dd5ap+2,372,372,,,
2429,site,0x1.50df8b14fa65fp+0,0x1.33aafe80b36fdp+2,373,373,,,
2430,site,0x1.9fca7e05f56fcp+0,0x1.4159c98360ca8p+2,374,374,,,
2431,site,0x1.bed9026521cf5p+0,0x1.40420fec2bd81p+2,375,375,,,
2432,site,0x1.0d9a55bdc9588p+1,0x1.409d07e0d2df1p+2,376,376,,,
2433,site,0x1.1a31e406d471ep+1,0x1.34401145177ebp+2,377,377,,,
2434,site,0x1.4d2577f8940abp+1,0x1.350a25f3b292dp+2,378,378,,,
2435,site,0x1.72e42b5edf8fbp+1,0x1.35616ed5408d4p+2,379,379,,,
2436,site,0x1.9f5096ceec865p+1,0x1.413e944ad519fp+2,380,380,,,
2437,site,0x1.c1f91b8fb3d74p+1,0x1.350e1614ba6a6p+2,381,381,,,
2438,site,0x1.f0e343257dd41p+1,0x1.35a0a9601d431p+2,382,382,,,
2439,site,0x1.09378ab3d3ee5p+2,0x1.35995401954b5p+2,383,383,,,
2440,site,0x1.28ce29d500f61p+2,0x1.3d4ff93e6bd93p+2,384,384,,,
2441,site,0x1.342d4a0b6e857p+2,0x1.32ed9067242efp+2,385,385,,,
2442,site,0x1.569f08ad18baep+2,0x1.41439a364f9ddp+2,386,386,,,
2443,site,0x1.657001707d24cp+2,0x1.3128b79ee803bp+2,387,387,,,
2444,site,0x1.7dde6e2c12541p+2,0x1.42e44a61a06d5p+2,388,388,,,
2445,site,0x1.a0be71be8f2c8p+2,0x1.3d71ff54aad68p+2,389,389,,,
2446,site,0x1.b309525962cfdp+2,0x1.3fb7fee31b4cbp+2,390,390,,,
2447,site,0x1.df573b092b6d4p+2,0x1.35784c3e3e92ep+2,391,391,,,
2448,site,0x1.007391494b970p+3,0x1.42f85e6a07f4ep+2,392,392,,,
2449,site,0x1.07fe3140ddeebp+3,0x1.360262e0f0d24p+2,393,393,,,
2450,site,0x1.1d18359e07d66p+3,0x1.370f03486cc8ap+2,394,394,,,
2451,site,0x1.33a4554514482p+3,0x1.36162a0c52834p+2,395,395,,,
2452,site,0x1.3a3250d9bf146p+3,0x1.3e9d51e6f45e4p+2,396,396,,,
2453,site,0x1.5694a13d704cap+3,0x1.3752dce0c9d72p+2,397,397,,,
2454,site,0x1.6945ad687765fp+3,0x1.3befe23a5f523p+2,398,398,,,
2455,site,0x1.74619cbbae19fp+3,0x1.37021258c6d94p+2,399,399,,,
2456,site,0x1.279e48d085d54p-8,0x1.50fba535f757ep+2,400,400,,,
2457,site,0x1.5c12d3a9c23a9p-7,0x1.53e0a7b6a6880p+2,401,401,,,
2458,site,0x1.29822254b4f3ep-5,0x1.560990e3d55c1p+2,402,402,,,
2459,site,0x1.3c45832666ec7p-4,0x1.4ae62d5054de7p+2,403,403,,,
2460,site,0x1.05d35b21b84bap-3,0x1.5cb2c44c6e47cp+2,404,404,,,
2461,site,0x1.bd8ca5785874ep-3,0x1.50144d578618fp+2,405,405,,,
2462,site,0x1.608c43e3faeecp-2,0x1.55ea678c64878p+2,406,406,,,
2463,site,0x1.bc6db6ed8b951p-2,0x1.59d325aef5b4fp+2,407,407,,,
2464,site,0x1.0b864ec7c5d5fp-1,0x1.5b0ba5dc8fce1p+2,408,408,,,
2465,site,0x1.7495cfa63a692p-1,0x1.5c1fba747d94bp+2,409,409,,,
2466,site,0x1.a0c0fe97c65e9p-1,0x1.54b0168f544f4p+2,410,410,,,
2467,site,0x1.e6276d77b1f60p-1,0x1.52fb831acc2bdp+2,411,411,,,
2468,site,0x1.3b21d07d2423cp+0,0x1.53102e1e163c1p+2,412,412,,,
2469,site,0x1.526f616e2d577p+0,0x1.4ce7f5666d4d4p+2,413,413,,,
2470,site,0x1.8f0cdd54101d6p+0,0x1.4ba5e821bf0b8p+2,414,414,,,
2471,site,0x1.bb6ad121020e9p+0,0x1.5542a99ab063ep+2,415,415,,,
2472,site,0x1.0d44be0b9edf6p+1,0x1.4daabcb459593p+2,416,416,,,
2473,site,0x1.1b50b07af26bbp+1,0x1.5074d352b1451p+2,417,417,,,
2474,site,0x1.403668b7953efp+1,0x1.54477c56efc35p+2,418,418,,,
2475,site,0x1.66435e8aaec86p+1,0x1.57f69b6859a01p+2,419,419,,,
2476,site,0x1.949f5a0003a89p+1,0x1.515a0428a0608p+2,420,420,,,
2477,site,0x1.c1b26cc0a553fp+1,0x1.5899573db5cbfp+2,421,421,,,
2478,site,0x1.ecf983bd2877bp+1,0x1.52224aa884e9ap+2,422,422,,,
2479,site,0x1.06b479bb755dcp+2,0x1.4b6decb973e0ap+2,423,423,,,
2480,site,0x1.1ba820752f6cbp+2,0x1.4f3d8c43236a8p+2,424,424,,,
2481,site,0x1.3919df178958ap+2,0x1.547a74427a2b3p+2,425,425,,,
2482,site,0x1.4b08c6c6778f3p+2,0x1.584ad8a8e2d04p+2,426,426,,,
2483,site,0x1.6d7e624d083cfp+2,0x1.4f95d34cf8a87p+2,427,427,,,
2484,site,0x1.7da95b86e6d6bp+2,0x1.5b0466f1792e3p+2,428,428,,,
2485,site,0x1.998db98d5abc7p+2,0x1.55a81738502dap+2,429,429,,,
2486,site,0x1.ca24b91e5d485p+2,0x1.52d58f7aab7b2p+2,430,430,,,
2487,site,0x1.e1ae02195c1ccp+2,0x1.513e494bf4484p+2,431,431,,,
2488,site,0x1.f4da586703620p+2,0x1.53310701d0fc8p+2,432,432,,,
2489,site,0x1.11383ebe27377p+3,0x1.4af86eaeebbb7p+2,433,433,,,
2490,site,0x1.1e3130e4b7b9ep+3,0x1.556980ce0079cp+2,434,434,,,
2491,site,0x1.351fb3e724511p+3,0x1.4a459b4f2e8fcp+2,435,435,,,
2492,site,0x1.429b3007d59d6p+3,0x1.550b627fd046ep+2,436,436,,,
2493,site,0x1.4b93acff30bcep+3,0x1.4acfcd7ac977ep+2,437,437,,,
2494,site,0x1.68e20d7f2ba19p+3,0x1.4e8a7897ba962p+2,438,438,,,
2495,site,0x1.723800e562a75p+3,0x1.4af30b14d9f74p+2,439,439,,,
2496,site,0x1.5eaba72f93b68p-10,0x1.68d0732bc5012p+2,440,440,,,
2497,site,0x1.715093e4e642ep-6,0x1.6542cea59c376p+2,441,441,,,
2498,site,0x1.bd0567b761aa3p-5,0x1.660b4be4fba6cp+2,442,442,,,
2499,site,0x1.b01691ad69d1bp-4,0x1.633925c2c4fe4p+2,443,443,,,
2500,site,0x1.1dd65c1b17ce2p-3,0x1.706200f329c46p+2,444,444,,,
2501,site,0x1.ebd6c8ab76626p-3,0x1.6ee2e5e17ca37p+2,445,445,,,
2502,site,0x1.40579762a90abp-2,0x1.6a0eaeb620047p+2,446,446,,,
2503,site,0x1.9c932c138c8e9p-2,0x1.6394da38fa0ccp+2,447,447,,,
2504,site,0x1.2ed9a18798110p-1,0x1.61c852cad8d56p+2,448,448,,,
2505,site,0x1.536af43541f70p-1,0x1.665d853942644p+2,449,449,,,
2506,site,0x1.a38095d1aa7adp-1,0x1.66a808cfe8d79p+2,450,450,,,
2507,site,0x1.f1a09eec04270p-1,0x1.715cf6549f4a3p+2,451,451,,,
2508,site,0x1.33ca1a9c88210p+0,0x1.66a0a3f76c48dp+2,452,452,,,
2509,site,0x1.58cd418c7144cp+0,0x1.6b2da6299624bp+2,453,453,,,
2510,site,0x1.81b985c472239p+0,0x1.6c64ee2212c9fp+2,454,454,,,
2511,site,0x1.c26d43bc78083p+0,0x1.6606e780694b6p+2,455,455,,,
2512,site,0x1.0facbaa538778p+1,0x1.6ef1af7f6cd88p+2,456,456,,,
2513,site,0x1.205c2433f4f17p+1,0x1.706d7d001c428p+2,457,457,,,
2514,site,0x1.4c40e93600d21p+1,0x1.72b4f2be692a1p+2,458,458,,,
2515,site,0x1.716057236ea02p+1,0x1.650065005d6bap+2,459,459,,,
2516,site,0x1.97ff3b078919cp+1,0x1.645ccc954e991p+2,460,460,,,
2517,site,0x1.bfcc90d1101f9p+1,0x1.73517b06bdd21p+2,461,461,,,
2518,site,0x1.da8b71aca37f7p+1,0x1.72048fb02b411p+2,462,462,,,
2519,site,0x1.120258c9819b3p+2,0x1.65b4982798dacp+2,463,463,,,
2520,site,0x1.28b0962742912p+2,0x1.626c8dce2820ep+2,464,464,,,
2521,site,0x1.33a0d840515d3p+2,0x1.621980fedebb1p+2,465,465,,,
2522,site,0x1.4c1ac91290d99p+2,0x1.717dd28b0393cp+2,466,466,,,
2523,site,0x1.61954435308ffp+2,0x1.6aec507c82076p+2,467,467,,,
2524,site,0x1.8360ead555050p+2,0x1.64586bbe39b3ep+2,468,468,,,
2525,site,0x1.a6a5150f0c983p+2,0x1.6cb93d6af8333p+2,469,469,,,
2526,site,0x1.bbb3caf121434p+2,0x1.6e5f670a0e89fp+2,470,470,,,
2527,site,0x1.d9b987a3aea75p+2,0x1.70f20e6c00b3ap+2,471,471,,,
2528,site,0x1.01f04c7929fd3p+3,0x1.702e448def6cbp+2,472,472,,,
2529,site,0x1.0f9e43cf8021bp+3,0x1.69da598fc442ap+2,473,473,,,
2530,site,0x1.192cb398ff34dp+3,0x1.6b71b817df9b3p+2,474,474,,,
2531,site,0x1.3033f5e1028cep+3,0x1.6689f1c550893p+2,475,475,,,
2532,site,0x1.3ccab6e93def1p+3,0x1.682c912d288d2p+2,476,476,,,
2533,site,0x1.572be4748ae3ap+3,0x1.65dddafa88e84p+2,477,477,,,
2534,site,0x1.60c8014be3ab9p+3,0x1.642de2d777ac3p+2,478,478,,,
2535,site,0x1.76f0f43c675a9p+3,0x1.6981171d80245p+2,479,479,,,
2536,site,0x1.42bed7e211e10p-9,0x1.7cfae79c0c8d4p+2,480,480,,,
2537,site,0x1.b6c116260ed6dp-6,0x1.7bfa3f6f0c5bdp+2,481,481,,,
2538,site,0x1.eb3314be6dcf4p-5,0x1.7c4811caff543p+2,482,482,,,
2539,site,0x1.6ac95df748800p-4,0x1.7ece7ae067727p+2,483,483,,,
2540,site,0x1.613bb39badf64p-3,0x1.87cb1ca210957p+2,484,484,,,
2541,site,0x1.e6394a38e2cf5p-3,0x1.8106e71c8b9aep+2,485,485,,,
2542,site,0x1.5e18368f943fdp-2,0x1.810e0f16e09fdp+2,486,486,,,
2543,site,0x1.89210f40c4243p-2,0x1.81fe66282bffbp+2,487,487,,,
2544,site,0x1.0dae57182aa32p-1,0x1.796c475d9a193p+2,488,488,,,
2545,site,0x1.73d068d6d0613p-1,0x1.7d5a5a6f529cfp+2,489,489,,,
2546,site,0x1.bd547102c13fcp-1,0x1.864be99486edap+2,490,490,,,
2547,site,0x1.e80adbf2f886ep-1,0x1.8036ddb49b074p+2,491,491,,,
2548,site,0x1.2ad84398c409cp+0,0x1.7a2a6096bb10fp+2,492,492,,,
2549,site,0x1.69a2355193d0ep+0,0x1.7fcaa32406098p+2,493,493,,,
2550,site,0x1.99f9e1eb7b5bfp+0,0x1.79f61b1340b64p+2,494,494,,,
2551,site,0x1.c9119650c41b1p+0,0x1.7e051cb0c36d8p+2,495,495,,,
2552,site,0x1.ff6b61a88519ep+0,0x1.82ebc6ec98aa5p+2,496,496,,,
2553,site,0x1.27231cb33765ap+1,0x1.835a2d2550dafp+2,497,497,,,
2554,site,0x1.4048a003e1b52p+1,0x1.80c0b2f70ef08p+2,498,498,,,
2555,site,0x1.6997d1147a27cp+1,0x1.81aeb5c650056p+2,499,499,,,
2556,site,0x1.888896f8d07dcp+1,0x1.790d1acbc8a70p+2,500,500,,,
2557,site,0x1.c491897d81d10p+1,0x1.7de61a5735c48p+2,501,501,,,
2558,site,0x1.e918a1b3c6928p+1,0x1.83ec2f474db4bp+2,502,502,,,
2559,site,0x1.08d53c262d37ap+2,0x1.80897416f93e9p+2,503,503,,,
2560,site,0x1.18c8b65f3113ep+2,0x1.7f346388d5539p+2,504,504,,,
2561,site,0x1.3892784e394e9p+2,0x1.7be6b3b93cea0p+2,505,505,,,
2562,site,0x1.554b7148cf7cep+2,0x1.85aa209478a65p+2,506,506,,,
2563,site,0x1.6d149a6dd3ce0p+2,0x1.78553712d0c91p+2,507,507,,,
2564,site,0x1.7ce647b5cd4c6p+2,0x1.80d2332630cfdp+2,508,508,,,
2565,site,0x1.96f8e0ce01d00p+2,0x1.7c6a7c8c86849p+2,509,509,,,
2566,site,0x1.c2395341fd108p+2,0x1.7ef8d733cb532p+2,510,510,,,
2567,site,0x1.e5e1738102a77p+2,0x1.83a323def7150p+2,511,511,,,
2568,site,0x1.00b8caed51f4cp+3,0x1.8404f369cb9ebp+2,512,512,,,
2569,site,0x1.130215632c7cap+3,0x1.7a7b58cd26282p+2,513,513,,,
2570,site,0x1.1e215c670c6bfp+3,0x1.80963d0e6cfdfp+2,514,514,,,
2571,site,0x1.328811364d5a1p+3,0x1.835ebf79e3ad2p+2,515,515,,,
2572,site,0x1.3a140deab6f9ep+3,0x1.82df887da6418p+2,516,516,,,
2573,site,0x1.580798e5a1785p+3,0x1.7bb60d982868dp+2,517,517,,,
2574,site,0x1.6633c2663f412p+3,0x1.7892de7ed73fep+2,518,518,,,
2575,site,0x1.7a32953d8412cp+3,0x1.79e4c0378cccap+2,519,519,,,
2576,site,0x1.846db6ae0be60p-9,0x1.9920cbcb8dc69p+2,520,520,,,
2577,site,0x1.40865c4ea8a76p-7,0x1.8d22310c4ae25p+2,521,521,,,
2578,site,0x1.f1abc4c16808bp-5,0x1.97ad6673a1103p+2,522,522,,,
2579,site,0x1.278f17799f374p-4,0x1.99456b2359421p+2,523,523,,,
2580,site,0x1.6ea5eda7d8d47p-3,0x1.8d0242856bb10p+2,524,524,,,
2581,site,0x1.0100476ccf4d7p-2,0x1.9a79175351293p+2,525,525,,,
2582,site,0x1.2dd39ebe8f756p-2,0x1.967bdb15f2b6fp+2,526,526,,,
2583,site,0x1.b47346150ec8bp-2,0x1.9332351f42556p+2,527,527,,,
2584,site,0x1.13b89aa0e2234p-1,0x1.9106e68a28d5dp+2,528,528,,,
2585,site,0x1.6980d9faef9fcp-1,0x1.8c8ba14cc00fdp+2,529,529,,,
2586,site,0x1.b7e7abb26bb7bp-1,0x1.96b74cd7ca245p+2,530,530,,,
2587,site,0x1.e11a173a9deb9p-1,0x1.95769113845b9p+2,531,531,,,
2588,site,0x1.192ea3742d4c7p+0,0x1.974c6a4d02107p+2,532,532,,,
2589,site,0x1.661031b0eb901p+0,0x1.8e9a022eeaed7p+2,533,533,,,
2590,site,0x1.8c78ab986f112p+0,0x1.94614fee3d541p+2,534,534,,,
2591,site,0x1.de5f9bd421effp+0,0x1.993ffc6af927cp+2,535,535,,,
2592,site,0x1.f50703cd6b362p+0,0x1.95333afe3aac4p+2,536,536,,,
2593,site,0x1.2107764a410a1p+1,0x1.8f443b1351ba0p+2,537,537,,,
2594,site,0x1.3cfc9e7237a2ap+1,0x1.971a1df1fd99bp+2,538,538,,,
2595,site,0x1.78525be1b8453p+1,0x1.9705ff58100a6p+2,539,539,,,
2596,site,0x1.98b6ee35996c0p+1,0x1.9384757e9080bp+2,540,540,,,
2597,site,0x1.b143950668438p+1,0x1.9587f931e90cep+2,541,541,,,
2598,site,0x1.e2fcbab411f9ep+1,0x1.8dedd2be74caep+2,542,542,,,
2599,site,0x1.11a35f769cad6p+2,0x1.96e8e6dd70388p+2,543,543,,,
2600,site,0x1.1c145e7e0cc68p+2,0x1.934c1e26066f5p+2,544,544,,,
2601,site,0x1.40a07f9621cf9p+2,0x1.923cf98f7818ep+2,545,545,,,
2602,site,0x1.5a5a5b41613b0p+2,0x1.988b06cd26872p+2,546,546,,,
2603,site,0x1.62b927661680cp+2,0x1.9a38e2f8bc9bbp+2,547,547,,,
2604,site,0x1.83db37425ce4cp+2,0x1.8f9c2ccd25ba2p+2,548,548,,,
2605,site,0x1.9ca459c907d3fp+2,0x1.920a85bd68776p+2,549,549,,,
2606,site,0x1.b511a9960ab70p+2,0x1.9898168284a10p+2,550,550,,,
2607,site,0x1.da85222e51997p+2,0x1.8d9208f8bfff8p+2,551,551,,,
2608,site,0x1.033397da258aap+3,0x1.90caeb09b687bp+2,552,552,,,
2609,site,0x1.0dc09e15e18f1p+3,0x1.97ebf948d8f62p+2,553,553,,,
2610,site,0x1.18f6fefbbeee6p+3,0x1.92220a5765f4cp+2,554,554,,,
2611,site,0x1.2a35b6a07c7b9p+3,0x1.9466af2d040bep+2,555,555,,,
2612,site,0x1.4221b84f5e5fep+3,0x1.91630fd315fb6p+2,556,556,,,
2613,site,0x1.531e7fefbdeabp+3,0x1.8f930293891e5p+2,557,557,,,
2614,site,0x1.5c6a2952a0235p+3,0x1.8d62cdc7cc665p+2,558,558,,,
2615,site,0x1.701962ca5d1cep+3,0x1.8c65b5c3a4187p+2,559,559,,,
2616,site,0x1.30ece0d08e5f2p-13,0x1.a1940c40b99a2p+2,560,560,,,
2617,site,0x1.094b07352a88ep-6,0x1.a930d515a127bp+2,561,561,,,
2618,site,0x1.3a3cc54112782p-5,0x1.a2d31da5f4ae1p+2,562,562,,,
2619,site,0x1.3fd490bc81b5fp-4,0x1.ac30fb665a0e3p+2,563,563,,,
2620,site,0x1.3e38326e6d371p-3,0x1.9f03a5ce03289p+2,564,564,,,
2621,site,0x1.ec901b9535478p-3,0x1.a20324abdb8bcp+2,565,565,,,
2622,site,0x1.3e41183b99d29p-2,0x1.a43a477dd2269p+2,566,566,,,
2623,site,0x1.c09ef2c45a5c5p-2,0x1.abd5b715a62efp+2,567,567,,,
2624,site,0x1.0a0e8ba4a656bp-1,0x1.a6b3a8b67dd1bp+2,568,568,,,
2625,site,0x1.44a4b3d558e2bp-1,0x1.aa285e074ee8bp+2,569,569,,,
2626,site,0x1.94136321abb61p-1,0x1.a30c14c149685p+2,570,570,,,
2627,site,0x1.f11571a0bc330p-1,0x1.a3d0962222e77p+2,571,571,,,
2628,site,0x1.35e883baa6608p+0,0x1.a2baa99f85b45p+2,572,572,,,
2629,site,0x1.6eaaa8ea2d3bdp+0,0x1.a59ab7ee52f06p+2,573,573,,,
2630,site,0x1.8e0d4491b059bp+0,0x1.a6cee5c4fe87fp+2,574,574,,,
2631,site,0x1.ce3da933978c2p+0,0x1.a8fd1c08cc93cp+2,575,575,,,
2632,site,0x1.0188ef1e86844p+1,0x1.ab72359a97f26p+2,576,576,,,
2633,site,0x1.294d77d5e3779p+1,0x1.a9c517a7d3951p+2,577,577,,,
2634,site,0x1.5272ed8a48cecp+1,0x1.a7b3ad9d5e5e3p+2,578,578,,,
2635,site,0x1.76f1aee088bb6p+1,0x1.a18d06edede4ep+2,579,579,,,
2636,site,0x1.9ca8cb8f3ab21p+1,0x1.a38fce01e7256p+2,580,580,,,
2637,site,0x1.c57425891392ap+1,0x1.ab744ffdcb75bp+2,581,581,,,
2638,site,0x1.f650dee7316ccp+1,0x1.ac1adb3760dc3p+2,582,582,,,
2639,site,0x1.0fed28549d11fp+2,0x1.a3c3e5490c53fp+2,583,583,,,
2640,site,0x1.21ba98757f72cp+2,0x1.a522841d93dcbp+2,584,584,,,
2641,site,0x1.3b4080eb94085p+2,0x1.aa7f2bf90b9c7p+2,585,585,,,
2642,site,0x1.583c15d67415ep+2,0x1.a8d8f9394268ap+2,586,586,,,
2643,site,0x1.74281f639ab54p+2,0x1.a7a78d8337ed3p+2,587,587,,,
2644,site,0x1.88571c47683c4p+2,0x1.a1a81948d1666p+2,588,588,,,
2645,site,0x1.a6b81e94b6473p+2,0x1.a30c3af4cd64cp+2,589,589,,,
2646,site,0x1.bd0cb4531053cp+2,0x1.a9736b607d76dp+2,590,590,,,
2647,site,0x1.d46394d707788p+2,0x1.ab6c5df6c40a2p+2,591,591,,,
2648,site,0x1.ff380784595efp+2,0x1.a72c2dc893701p+2,592,592,,,
2649,site,0x1.070039f519b7cp+3,0x1.a1bbc2871ef80p+2,593,593,,,
2650,site,0x1.1dc1265efe4c2p+3,0x1.a1a11803c4afap+2,594,594,,,
2651,site,0x1.312c2c21d3dc2p+3,0x1.a59b5114dda31p+2,595,595,,,
2652,site,0x1.3e66dc8c0128ep+3,0x1.a379891ebe8b0p+2,596,596,,,
2653,site,0x1.53ca6c039e6e2p+3,0x1.a851a909108aep+2,597,597,,,
2654,site,0x1.6680477aabda6p+3,0x1.a844decb9be6ap+2,598,598,,,
2655,site,0x1.73659b7e16b76p+3,0x1.aad101a4de0e8p+2,599,599,,,
2656,site,0x1.72d24ade72265p-9,0x1.bb8e7ce1929b7p+2,600,600,,,
2657,site,0x1.de517432ffdeap-7,0x1.ba867be9d9c79p+2,601,601,,,
2658,site,0x1.9e79677deeac1p-5,0x1.bb1b6c1970f59p+2,602,602,,,
2659,site,0x1.8b2458405a917p-4,0x1.afd245c7e47ddp+2,603,603,,,
2660,site,0x1.0d2eeeeee631dp-3,0x1.b0f8f4cd6aa24p+2,604,604,,,
2661,site,0x1.92d7d6c8ded72p-3,0x1.b9d5dc60a99afp+2,605,605,,,
2662,site,0x1.66dbb088ddda1p-2,0x1.b5db8726d96aap+2,606,606,,,
2663,site,0x1.968ed8ee3c369p-2,0x1.b0077e120bd4ep+2,607,607,,,
2664,site,0x1.2a0d256060ac4p-1,0x1.b6ac9eeb9eb6bp+2,608,608,,,
2665,site,0x1.66383d2eb4e68p-1,0x1.bbe6e5a8f7649p+2,609,609,,,
2666,site,0x1.948960b0bd3f0p-1,0x1.b8f05538f4eeep+2,610,610,,,
2667,site,0x1.0d245600ffd97p+0,0x1.b00aa76d7144dp+2,611,611,,,
2668,site,0x1.25d35e17ad477p+0,0x1.b8ad790a9d95dp+2,612,612,,,
2669,site,0x1.701cd453f8362p+0,0x1.b07482abfd8d2p+2,613,613,,,
2670,site,0x1.84f70eab14c8cp+0,0x1.b4cb7510d8ab3p+2,614,614,,,
2671,site,0x1.dc24025a9f6e8p+0,0x1.b8ee19e449a69p+2,615,615,,,
2672,site,0x1.fb220b640542fp+0,0x1.ba4be6b9c9985p+2,616,616,,,
2673,site,0x1.338bcfb355992p+1,0x1.afbaee346b2f8p+2,617,617,,,
2674,site,0x1.3e9539657e04dp+1,0x1.b6f8bda27007ap+2,618,618,,,
2675,site,0x1.765d1822be9ccp+1,0x1.bba2e14f13f17p+2,619,619,,,
2676,site,0x1.8afcc0bf912ccp+1,0x1.b30eddd2cc2ccp+2,620,620,,,
2677,site,0x1.c2f7e1b880c87p+1,0x1.baaea77415129p+2,621,621,,,
2678,site,0x1.e5425b68e74e1p+1,0x1.b80794bef589fp+2,622,622,,,
2679,site,0x1.0db80b80d7d44p+2,0x1.b88bba0a386c8p+2,623,623,,,
2680,site,0x1.17439a3786c1cp+2,0x1.b6222ef71f03ap+2,624,624,,,
2681,site,0x1.40953b3905846p+2,0x1.b81df6ae31ef8p+2,625,625,,,
2682,site,0x1.55ef6b6a99562p+2,0x1.b0440cf7b1399p+2,626,626,,,
2683,site,0x1.67eba31420c6fp+2,0x1.b9718ecafc129p+2,627,627,,,
2684,site,0x1.7dd66ad9bd34fp+2,0x1.b3e9984f2c7cap+2,628,628,,,
2685,site,0x1.9ea5394280e35p+2,0x1.b877ebbf96addp+2,629,629,,,
2686,site,0x1.c0af47363846dp+2,0x1.b3cb3e3238135p+2,630,630,,,
2687,site,0x1.db77d3dffd2d1p+2,0x1.b36ba665862a8p+2,631,631,,,
2688,site,0x1.f3460784b9963p+2,0x1.b1b1bd09e72e9p+2,632,632,,,
2689,site,0x1.09c50799be471p+3,0x1.b3bee8f6ccb18p+2,633,633,,,
2690,site,0x1.21640d665c9b7p+3,0x1.b1d85c8b62f4bp+2,634,634,,,
2691,site,0x1.2e2fdff2596bdp+3,0x1.bc264ffe09cefp+2,635,635,,,
2692,site,0x1.3bc7aa53c62acp+3,0x1.b4a9a34cd06bbp+2,636,636,,,
2693,site,0x1.4dcbc957d25c2p+3,0x1.b3a401b963047p+2,637,637,,,
2694,site,0x1.65cc0b07c9139p+3,0x1.b86c956a0d605p+2,638,638,,,
2695,site,0x1.72a10f54736ebp+3,0x1.b993bf984d9b5p+2,639,639,,,
2696,site,0x1.215da1a886840p-8,0x1.c436d949a4a83p+2,640,640,,,
2697,site,0x1.0c312cc075243p-6,0x1.c3b0a3d4c14acp+2,641,641,,,
2698,site,0x1.a16bd7dc9133bp-5,0x1.c90a5a56b87fep+2,642,642,,,
2699,site,0x1.c8c596ee4337bp-4,0x1.c5491c879ed78p+2,643,643,,,
2700,site,0x1.38edf06a70a75p-3,0x1.c3cc98e929587p+2,644,644,,,
2701,site,0x1.9c9e2cd8713a8p-3,0x1.bfc066d2b940dp+2,645,645,,,
2702,site,0x1.3380357847f81p-2,0x1.c534081af3dfap+2,646,646,,,
2703,site,0x1.a1bedab38ae3ap-2,0x1.c58a177f4292bp+2,647,647,,,
2704,site,0x1.1158e2487c010p-1,0x1.c7ed5c933faa8p+2,648,648,,,
2705,site,0x1.4a5c7b89130fdp-1,0x1.c14e5a3d14024p+2,649,649,,,
2706,site,0x1.a22425da5885bp-1,0x1.bf7ae6d430d3cp+2,650,650,,,
2707,site,0x1.064d31c64e9b3p+0,0x1.c15b90408ca66p+2,651,651,,,
2708,site,0x1.266ed43e6fca0p+0,0x1.c1723dcb88cd7p+2,652,652,,,
2709,site,0x1.5ff6b4db4b9acp+0,0x1.c8b9503bd4c0dp+2,653,653,,,
2710,site,0x1.8599c93852cfcp+0,0x1.c04fbd4cb7555p+2,654,654,,,
2711,site,0x1.dff86b8c6f1a5p+0,0x1.c9044ad2469acp+2,655,655,,,
2712,site,0x1.f25f5a4402965p+0,0x1.c91648b0213dap+2,656,656,,,
2713,site,0x1.2b5ca9fd3ecafp+1,0x1.c0cdf6d94753dp+2,657,657,,,
2714,site,0x1.4fc9cf1668d33p+1,0x1.c34683dc70ae7p+2,658,658,,,
2715,site,0x1.6303880865b2cp+1,0x1.c4c3b4bdf1320p+2,659,659,,,
2716,site,0x1.849905ad53f3fp+1,0x1.c56ab5814c987p+2,660,660,,,
2717,site,0x1.b3a289f8b1b16p+1,0x1.c4331c611036ep+2,661,661,,,
2718,site,0x1.da48953efacf2p+1,0x1.c555ffe72280cp+2,662,662,,,
2719,site,0x1.0d1d754ee8bc2p+2,0x1.c22162280af37p+2,663,663,,,
2720,site,0x1.1d1f7091bfcfdp+2,0x1.c94241d570da3p+2,664,664,,,
2721,site,0x1.388bed0ebd35cp+2,0x1.c9944890c5100p+2,665,665,,,
2722,site,0x1.4ad1863a689b0p+2,0x1.c22ad8a85efb7p+2,666,666,,,
2723,site,0x1.74ed45b7af9c0p+2,0x1.c9720e3bcd1c3p+2,667,667,,,
2724,site,0x1.8f30a530afb0ep+2,0x1.ca1307a56169dp+2,668,668,,,
2725,site,0x1.a24d23918527bp+2,0x1.bfe987a7eee7cp+2,669,669,,,
2726,site,0x1.bd2d175585690p+2,0x1.c0ef09aba01d0p+2,670,670,,,
2727,site,0x1.dd36e59664110p+2,0x1.c3f8d5cc74416p+2,671,671,,,
2728,site,0x1.fa5f5846d4f12p+2,0x1.c44e67a09953bp+2,672,672,,,
2729,site,0x1.09904879ce597p+3,0x1.c81ae4036faacp+2,673,673,,,
2730,site,0x1.1eede8268c0cfp+3,0x1.c8faf6ebcc542p+2,674,674,,,
2731,site,0x1.3452d130075a9p+3,0x1.c682576314f76p+2,675,675,,,
2732,site,0x1.453fcbc74bff1p+3,0x1.c527cf266c75dp+2,676,676,,,
2733,site,0x1.585c30b6c0f34p+3,0x1.bf4111b67040dp+2,677,677,,,
2734,site,0x1.5fe0ff8d1f131p+3,0x1.c09d88cefb86fp+2,678,678,,,
2735,site,0x1.715ecec12d92fp+3,0x1.c6b115c60b28cp+2,679,679,,,
2736,site,0x1.50ac366d02eabp-10,0x1.d6ab2f6fe9788p+2,680,680,,,
2737,site,0x1.54a271df01dc3p-7,0x1.cf33b9cb5cd2bp+2,681,681,,,
2738,site,0x1.dee01dfccd033p-5,0x1.ce49a92d1b37fp+2,682,682,,,
2739,site,0x1.43bde8f3f7702p-4,0x1.d24bcedf1d1cep+2,683,683,,,
2740,site,0x1.51756f94f06b1p-3,0x1.d2ab3a359c36ep+2,684,684,,,
2741,site,0x1.8fc3b57ed49b2p-3,0x1.d1ba9a4801c14p+2,685,685,,,
2742,site,0x1.2a12995b13c97p-2,0x1.cea910a8fc85cp+2,686,686,,,
2743,site,0x1.a60030113c3b8p-2,0x1.cd4ab8d15dc4ap+2,687,687,,,
2744,site,0x1.1c5900bbf4eecp-1,0x1.cf26ce69f9a49p+2,688,688,,,
2745,site,0x1.5af3d2ed43ac0p-1,0x1.cdebaf9381f4fp+2,689,689,,,
2746,site,0x1.b76564383d5b5p-1,0x1.d6401e695b33ep+2,690,690,,,
2747,site,0x1.da30c188cea5dp-1,0x1.d22f15813e677p+2,691,691,,,
2748,site,0x1.32c83079b8794p+0,0x1.d33fd414ea5b9p+2,692,692,,,
2749,site,0x1.5432938b12f2ep+0,0x1.d47c5d3d2b79ep+2,693,693,,,
2750,site,0x1.a54f287cf9f74p+0,0x1.cea79d7964961p+2,694,694,,,
2751,site,0x1.d885ac6a56b09p+0,0x1.d39efdab82355p+2,695,695,,,
2752,site,0x1.06fa8f04b5fe2p+1,0x1.d5683c8825d81p+2,696,696,,,
2753,site,0x1.1e362e7aebb76p+1,0x1.d29a0f914db8ap+2,697,697,,,
2754,site,0x1.4a9385046f9a3p+1,0x1.cf4fc1d2789acp+2,698,698,,,
2755,site,0x1.69eeb3da4ec97p+1,0x1.cd6d804d27318p+2,699,699,,,
2756,site,0x1.97cf7d3132723p+1,0x1.cebdc83c89ad5p+2,700,700,,,
2757,site,0x1.bfbce45b84e15p+1,0x1.d1db0f84ddff7p+2,701,701,,,
2758,site,0x1.e52ee660432e7p+1,0x1.d24098c209d0bp+2,702,702,,,
2759,site,0x1.0bfc9dac1cdb4p+2,0x1.d615b4a02ce7ap+2,703,703,,,
2760,site,0x1.2643d95224a7ep+2,0x1.ce5dc6511dbabp+2,704,704,,,
2761,site,0x1.3acb0c287ac26p+2,0x1.cf0833c793725p+2,705,705,,,
2762,site,0x1.4bf0d1824e3b0p+2,0x1.ce5913bd120a7p+2,706,706,,,
2763,site,0x1.6d0624f6fc447p+2,0x1.d420ec7e1b3d2p+2,707,707,,,
2764,site,0x1.81488b25d4678p+2,0x1.d15c02994c12fp+2,708,708,,,
2765,site,0x1.a6382a5fe484ap+2,0x1.d4b9ad3e4566ap+2,709,709,,,
2766,site,0x1.bfa058e57a1f6p+2,0x1.d68473b1485d9p+2,710,710,,,
2767,site,0x1.e3cff1966245dp+2,0x1.cd463d63ea1a6p+2,711,711,,,
2768,site,0x1.f857cc9099978p+2,0x1.d3d957d6f62f9p+2,712,712,,,
2769,site,0x1.0c6eae88b8f93p+3,0x1.d3f389d0ec536p+2,713,713,,,
2770,site,0x1.1c5271335d173p+3,0x1.d54e98fba8045p+2,714,714,,,
2771,site,0x1.31481cd16a33cp+3,0x1.d43152407ba07p+2,715,715,,,
2772,site,0x1.3dbc38f2cde55p+3,0x1.ce576c719ccaep+2,716,716,,,
2773,site,0x1.56fca2636c3a4p+3,0x1.cf0eef2a0b7ffp+2,717,717,,,
2774,site,0x1.5f9c0610e2fc3p+3,0x1.d62d92a9a845cp+2,718,718,,,
2775,site,0x1.778b13e6d43c3p+3,0x1.d075d0fa46823p+2,719,719,,,
2776,site,0x1.ea215e4a5fd67p-10,0x1.df0acecb8165ap+2,720,720,,,
2777,site,0x1.3637758677938p-6,0x1.e0f336498f281p+2,721,721,,,
2778,site,0x1.75dfa3dd4af74p-5,0x1.dbe7db14f51a5p+2,722,722,,,
2779,site,0x1.c499e97a79771p-4,0x1.e06559a5ba12ap+2,723,723,,,
2780,site,0x1.0c990a06b2fb6p-3,0x1.d972d72eafb8ap+2,724,724,,,
2781,site,0x1.e7688de1a522ap-3,0x1.dec0299e6bfacp+2,725,725,,,
2782,site,0x1.6437920674fa3p-2,0x1.dfd5f0275e427p+2,726,726,,,
2783,site,0x1.a039127ee320fp-2,0x1.da555ecfbbd30p+2,727,727,,,
2784,site,0x1.0f9421412d26fp-1,0x1.db299d335ce21p+2,728,728,,,
2785,site,0x1.44a451b433307p-1,0x1.de57e3d111a32p+2,729,729,,,
2786,site,0x1.b6e68b02c454cp-1,0x1.e116424b554f9p+2,730,730,,,
2787,site,0x1.f898bb372bdd2p-1,0x1.d9bd4f0b92817p+2,731,731,,,
2788,site,0x1.29fe852b49db7p+0,0x1.dea573dcc1586p+2,732,732,,,
2789,site,0x1.58bf646238f01p+0,0x1.e0f7131974dacp+2,733,733,,,
2790,site,0x1.971dc9c173d34p+0,0x1.e0186cac39b0cp+2,734,734,,,
2791,site,0x1.c51a2ab956eb0p+0,0x1.d9ed59baae6f9p+2,735,735,,,
2792,site,0x1.05ce81727961bp+1,0x1.ddab778e66c5fp+2,736,736,,,
2793,site,0x1.1bed3dc7819b9p+1,0x1.e01278a3977c1p+2,737,737,,,
2794,site,0x1.4425a05b0be0dp+1,0x1.dbfbfd7cf5f9cp+2,738,738,,,
2795,site,0x1.753de2ad18820p+1,0x1.dc79fff2d2cb5p+2,739,739,,,
2796,site,0x1.9ab676a3c228dp+1,0x1.e0302467b484fp+2,740,740,,,
2797,site,0x1.b0fe92813413ep+1,0x1.e17e3f7f8cfc6p+2,741,741,,,
2798,site,0x1.d6473a3caa0abp+1,0x1.daf781966cd39p+2,742,742,,,
2799,site,0x1.07735c7c0b7fdp+2,0x1.ddb4133bdcabep+2,743,743,,,
2800,site,0x1.1fc5b90ce863dp+2,0x1.dfa274a3aa71bp+2,744,744,,,
2801,site,0x1.36ef08a6bc320p+2,0x1.df229cde50264p+2,745,745,,,
2802,site,0x1.58f184479a3f1p+2,0x1.daee43f4d706ep+2,746,746,,,
2803,site,0x1.612bd54126997p+2,0x1.df840d81ec61cp+2,747,747,,,
2804,site,0x1.8204e1b1d52bbp+2,0x1.d9c8dcf2be69ep+2,748,748,,,
2805,site,0x1.9a4af979d8485p+2,0x1.dfe9bac726126p+2,749,749,,,
2806,site,0x1.b636ea8b89481p+2,0x1.d9746f72d158ap+2,750,750,,,
2807,site,0x1.e08feb52f3475p+2,0x1.dc2d7124da17fp+2,751,751,,,
2808,site,0x1.f572471d32a9bp+2,0x1.df7a206c29280p+2,752,752,,,
2809,site,0x1.0997ab9bc542cp+3,0x1.e0a09a0e65e37p+2,753,753,,,
2810,site,0x1.22ae114c7405ap+3,0x1.dc3f2588317d5p+2,754,754,,,
2811,site,0x1.28fe66f0475b7p+3,0x1.dcfd2f1ad2ce4p+2,755,755,,,
2812,site,0x1.4362b7fdd9a3dp+3,0x1.dd3c6fe87ee96p+2,756,756,,,
2813,site,0x1.52f6c7a3276e2p+3,0x1.df5d7dabdbb0ap+2,757,757,,,
2814,site,0x1.6822e0ccb7062p+3,0x1.de29337eb42c0p+2,758,758,,,
2815,site,0x1.7391c338565bdp+3,0x1.dcf63fb8e4897p+2,759,759,,,
2816,site,0x1.dc92276972257p-9,0x1.e74afcff276f7p+2,760,760,,,
2817,site,0x1.3b79f4a7a83dap-6,0x1.e93533e75471bp+2,761,761,,,
2818,site,0x1.d51eb37bc2991p-5,0x1.e417c65da23dfp+2,762,762,,,
2819,site,0x1.355bee35e46afp-4,0x1.e444ee335debdp+2,763,763,,,
2820,site,0x1.28a3db5460c77p-3,0x1.e67fcb058cd42p+2,764,764,,,
2821,site,0x1.9e578f22c28adp-3,0x1.e617674236d07p+2,765,765,,,
2822,site,0x1.652fa09317896p-2,0x1.e67fa6159c72ep+2,766,766,,,
2823,site,0x1.d9a3688574697p-2,0x1.ea0330ceb23cdp+2,767,767,,,
2824,site,0x1.16f37478e8324p-1,0x1.e3806c81ef4b1p+2,768,768,,,
2825,site,0x1.5c898feaeae8cp-1,0x1.e924c9bfdab92p+2,769,769,,,
2826,site,0x1.99e3d068c2fcfp-1,0x1.e43f31fdcf04cp+2,770,770,,,
2827,site,0x1.049618d62f11bp+0,0x1.ea8ee7b023cebp+2,771,771,,,
2828,site,0x1.3de21167dbf07p+0,0x1.e95565b7fcb68p+2,772,772,,,
2829,site,0x1.50c6fa2be686ap+0,0x1.e4d76307d9594p+2,773,773,,,
2830,site,0x1.8b2cdde731628p+0,0x1.e4d97720b4a99p+2,774,774,,,
2831,site,0x1.cc6a72f0223c7p+0,0x1.e6c05f9d68762p+2,775,775,,,
2832,site,0x1.0b2a2a54f6dbep+1,0x1.e4bf988d84142p+2,776,776,,,
2833,site,0x1.23e3839ef7e70p+1,0x1.e9b3385d86d89p+2,777,777,,,
2834,site,0x1.5550968a98a8bp+1,0x1.e3ed5a8a7fec9p+2,778,778,,,
2835,site,0x1.61d10d8ee1f44p+1,0x1.e61cd2af117e8p+2,779,779,,,
2836,site,0x1.854ff04d5637cp+1,0x1.e7b6950bd194ep+2,780,780,,,
2837,site,0x1.b4c3ad166ecb6p+1,0x1.e8e08f6ed3824p+2,781,781,,,
2838,site,0x1.f4d9a17d11eefp+1,0x1.e7685cf77fb2cp+2,782,782,,,
2839,site,0x1.01f3435f727eep+2,0x1.ea279f0f67054p+2,783,783,,,
2840,site,0x1.1d8fefad25f13p+2,0x1.e442ae435fbddp+2,784,784,,,
2841,site,0x1.3968cab4f73cdp+2,0x1.e5205b7b29b56p+2,785,785,,,
2842,site,0x1.598dfc790b974p+2,0x1.ea85099315d01p+2,786,786,,,
2843,site,0x1.7268253df6f93p+2,0x1.e48ebfd20550cp+2,787,787,,,
2844,site,0x1.7cffbf3ed2212p+2,0x1.e49c2627d77f8p+2,788,788,,,
2845,site,0x1.abe407ec418d3p+2,0x1.e4c173b5b9d72p+2,789,789,,,
2846,site,0x1.b329f8cd6b174p+2,0x1.e8b3f263114c1p+2,790,790,,,
2847,site,0x1.e803cc65932d8p+2,0x1.ea17155fff403p+2,791,791,,,
2848,site,0x1.f52b944d07ec6p+2,0x1.e6bc165066ea4p+2,792,792,,,
2849,site,0x1.0ce16775dc33fp+3,0x1.e69d792906da2p+2,793,793,,,
2850,site,0x1.1b052c529911fp+3,0x1.ea2f46b977f8fp+2,794,794,,,
2851,site,0x1.2a545cffd4ff5p+3,0x1.e45bc0d21ac3dp+2,795,795,,,
2852,site,0x1.464fceebcba20p+3,0x1.e713d2fae43b7p+2,796,796,,,
2853,site,0x1.524e5fe59b433p+3,0x1.e62064996e13fp+2,797,797,,,
2854,site,0x1.659d76137c560p+3,0x1.e59e2ba8fe605p+2,798,798,,,
2855,site,0x1.7aa6c0a060c6dp+3,0x1.e8c137d16c02dp+2,799,799,,,
2856,site,0x1.855d472a4d578p-9,0x1.ee71de3b44198p+2,800,800,,,
2857,site,0x1.77ab2a0ad8131p-7,0x1.ec60751e0f5b6p+2,801,801,,,
2858,site,0x1.0fba57bbb9ab9p-5,0x1.f22a877ba2e4ep+2,802,802,,,
2859,site,0x1.5fd08d60de4dfp-4,0x1.f09e38103d964p+2,803,803,,,
2860,site,0x1.3088112f3f9c7p-3,0x1.efdd6d7a8ac87p+2,804,804,,,
2861,site,0x1.90e98435b9216p-3,0x1.f1e09034351f9p+2,805,805,,,
2862,site,0x1.2a03d0c4eefdap-2,0x1.efe496648f96bp+2,806,806,,,
2863,site,0x1.c6ebefafc8b09p-2,0x1.ee6e9975ad077p+2,807,807,,,
2864,site,0x1.2fc7a62d66abep-1,0x1.eeb1e80646782p+2,808,808,,,
2865,site,0x1.46bff18ca00c0p-1,0x1.ef4f4aa8c34efp+2,809,809,,,
2866,site,0x1.ba38a86822930p-1,0x1.ef35afc45877fp+2,810,810,,,
2867,site,0x1.001709edbfe3fp+0,0x1.ed8581e20463ap+2,811,811,,,
2868,site,0x1.2dfb111d934d9p+0,0x1.f16cc35c3f6edp+2,812,812,,,
2869,site,0x1.604f257184e19p+0,0x1.ed132a8a4354cp+2,813,813,,,
2870,site,0x1.88cee8d0e855ep+0,0x1.efc86db6de12dp+2,814,814,,,
2871,site,0x1.d92ad5685a0dep+0,0x1.edf0493e730b1p+2,815,815,,,
2872,site,0x1.f8b33036ec58ap+0,0x1.f22a070913876p+2,816,816,,,
2873,site,0x1.2f130b6ab5ddcp+1,0x1.ee664f4db91d9p+2,817,817,,,
2874,site,0x1.40de90f95997ap+1,0x1.f11cd2e1d76f7p+2,818,818,,,
2875,site,0x1.714ea3b14f16ap+1,0x1.ef2c9294af0c5p+2,819,819,,,
2876,site,0x1.8baaafc1d75e2p+1,0x1.f1e003ccb86f4p+2,820,820,,,
2877,site,0x1.ba9fb6a703084p+1,0x1.eec157f53959dp+2,821,821,,,
2878,site,0x1.e8771e412daabp+1,0x1.ee83abc866d92p+2,822,822,,,
2879,site,0x1.08ef81c81bfd1p+2,0x1.ee2606b3477afp+2,823,823,,,
2880,site,0x1.1a27ab1a9a9fep+2,0x1.edc79ded96a0ep+2,824,824,,,
2881,site,0x1.33c8376130acep+2,0x1.ef2bb73085c6bp+2,825,825,,,
2882,site,0x1.57e3dd1872826p+2,0x1.f159c9c8e9a60p+2,826,826,,,
2883,site,0x1.716b50e1c99fap+2,0x1.efbc1907d8778p+2,827,827,,,
2884,site,0x1.8ebf5038a4e12p+2,0x1.f2156d4507f13p+2,828,828,,,
2885,site,0x1.9b2a1eeee07efp+2,0x1.f01241f7c9832p+2,829,829,,,
2886,site,0x1.b42b8cf552114p+2,0x1.ef3c5443e64ebp+2,830,830,,,
2887,site,0x1.e42490cedf31dp+2,0x1.ee66834fc3a3bp+2,831,831,,,
2888,site,0x1.f019980d85424p+2,0x1.f01943d34f998p+2,832,832,,,
2889,site,0x1.0bb4880bbb748p+3,0x1.eda4441bebc04p+2,833,833,,,
2890,site,0x1.234066073d3d5p+3,0x1.ec5ef31585e05p+2,834,834,,,
2891,site,0x1.307de053fae2ap+3,0x1.edeed23e59d8fp+2,835,835,,,
2892,site,0x1.3ae28de89500bp+3,0x1.f1ed50f3ad3b6p+2,836,836,,,
2893,site,0x1.522caae3ce5d0p+3,0x1.ee12bcfaa9ffcp+2,837,837,,,
2894,site,0x1.5e98b5873e76ep+3,0x1.eeb1eaef59771p+2,838,838,,,
2895,site,0x1.7667c73cdd033p+3,0x1.ecbd8d32e4347p+2,839,839,,,
2896,site,0x1.2d7d3de9e284ap-8,0x1.f467276049050p+2,840,840,,,
2897,site,0x1.98b7e9e3cef66p-6,0x1.f53aaf3130667p+2,841,841,,,
2898,site,0x1.e880d71426921p-5,0x1.f7341b7c8c688p+2,842,842,,,
2899,site,0x1.45ee9468e4a3cp-4,0x1.f739f4046ee7ap+2,843,843,,,
2900,site,0x1.275253fbec768p-3,0x1.f3df4342d5e1ep+2,844,844,,,
2901,site,0x1.aa5e3aad7ff66p-3,0x1.f527f627eac52p+2,845,845,,,
2902,site,0x1.3dd1e128519b2p-2,0x1.f3c56074199a5p+2,846,846,,,
2903,site,0x1.abefea884a162p-2,0x1.f81621a7f4e2dp+2,847,847,,,
2904,site,0x1.f8f0e5b289843p-2,0x1.f595a34ccc483p+2,848,848,,,
2905,site,0x1.4bc893bb6ca85p-1,0x1.f77557d35a14dp+2,849,849,,,
2906,site,0x1.b17cdef41a613p-1,0x1.f4c1ea864e553p+2,850,850,,,
2907,site,0x1.e96d829289fcap-1,0x1.f60214ad58030p+2,851,851,,,
2908,site,0x1.3ce364f572c0ep+0,0x1.f61b71d0ce2afp+2,852,852,,,
2909,site,0x1.4d21254ff7186p+0,0x1.f74d8a98b8751p+2,853,853,,,
2910,site,0x1.949f7d824d14cp+0,0x1.f81f29d1928d2p+2,854,854,,,
2911,site,0x1.c392558cddf0ep+0,0x1.f7d1a2158ba64p+2,855,855,,,
2912,site,0x1.00c4b2b4d7c51p+1,0x1.f52b0e20c7532p+2,856,856,,,
2913,site,0x1.2fbdfb3d8c904p+1,0x1.f62a520bfbd9fp+2,857,857,,,
2914,site,0x1.532f7f51cc3aap+1,0x1.f690da2c9f3eap+2,858,858,,,
2915,site,0x1.75586765a92f6p+1,0x1.f76d679750448p+2,859,859,,,
2916,site,0x1.a0f1a46847250p+1,0x1.f3a5a1d1ffcf6p+2,860,860,,,
2917,site,0x1.add31253c7534p+1,0x1.f52e35da91981p+2,861,861,,,
2918,site,0x1.eb87f176190f8p+1,0x1.f68833ee9d04cp+2,862,862,,,
2919,site,0x1.060d3d331bbbap+2,0x1.f4fe8a96ecb89p+2,863,863,,,
2920,site,0x1.224c2c18c0882p+2,0x1.f7c7ce0f08c03p+2,864,864,,,
2921,site,0x1.35734dfeb10a0p+2,0x1.f569b84db9b8ap+2,865,865,,,
2922,site,0x1.52c0151523b6fp+2,0x1.f4d5c8740f989p+2,866,866,,,
2923,site,0x1.6fd18f751f86ep+2,0x1.f4c3e0174605fp+2,867,867,,,
2924,site,0x1.87c8d40c92b4fp+2,0x1.f7a14925fbb65p+2,868,868,,,
2925,site,0x1.992892e9281c0p+2,0x1.f61336691a2e7p+2,869,869,,,
2926,site,0x1.b62d6786e2f8dp+2,0x1.f74442c7d5386p+2,870,870,,,
2927,site,0x1.d92757c29922ap+2,0x1.f81f80735bcc4p+2,871,871,,,
2928,site,0x1.fc41704bbf43ap+2,0x1.f6d0e235f7d41p+2,872,872,,,
2929,site,0x1.1350008560f10p+3,0x1.f553987a475a5p+2,873,873,,,
2930,site,0x1.21a795f0affb1p+3,0x1.f3a68eeeddbfcp+2,874,874,,,
2931,site,0x1.32b03c55130dap+3,0x1.f424abbdbff8ep+2,875,875,,,
2932,site,0x1.469ac59257677p+3,0x1.f6c5434519460p+2,876,876,,,
2933,site,0x1.5645c2ad31ca1p+3,0x1.f59091db6d5e2p+2,877,877,,,
2934,site,0x1.691e70e4aefaap+3,0x1.f463b0a3cc284p+2,878,878,,,
2935,site,0x1.6fd01c301da31p+3,0x1.f47bd0259de7cp+2,879,879,,,
2936,site,0x1.6f17068e24f35p-9,0x1.fc607069af513p+2,880,880,,,
2937,site,0x1.49dc9b8979699p-6,0x1.fae25b4a9993dp+2,881,881,,,
2938,site,0x1.656ab9adc1aeap-5,0x1.fa504f393e12ep+2,882,882,,,
2939,site,0x1.a0297ab8fcb1cp-4,0x1.fa29ae3b3d39ap+2,883,883,,,
2940,site,0x1.4dba6f0cc1e31p-3,0x1.fb056984df5cep+2,884,884,,,
2941,site,0x1.914b288766d19p-3,0x1.fad7c9ecff9fbp+2,885,885,,,
2942,site,0x1.642f33019bb7ap-2,0x1.f92b9109bd6f1p+2,886,886,,,
2943,site,0x1.a991af0312b27p-2,0x1.f993aeec2889ep+2,887,887,,,
2944,site,0x1.1886a2d77dbc9p-1,0x1.fb378ca714760p+2,888,888,,,
2945,site,0x1.43c63224e7c24p-1,0x1.fa71b42d78f89p+2,889,889,,,
2946,site,0x1.9a13336452de6p-1,0x1.f96f1935e62e1p+2,890,890,,,
2947,site,0x1.0d8f08e55f5cap+0,0x1.fa00c4b9219a4p+2,891,891,,,
2948,site,0x1.1d12373f1cae1p+0,0x1.fb51ca7b24fb6p+2,892,892,,,
2949,site,0x1.50c18e31e3faap+0,0x1.fc3f7061e605cp+2,893,893,,,
2950,site,0x1.85e320d48634ap+0,0x1.fc4b032206273p+2,894,894,,,
2951,site,0x1.b8dfd4b21fe85p+0,0x1.fa953be230085p+2,895,895,,,
2952,site,0x1.01c0a4ba7db16p+1,0x1.fa8268b207b4fp+2,896,896,,,
2953,site,0x1.20d362844a286p+1,0x1.f9533b669b326p+2,897,897,,,
2954,site,0x1.490e7d7e7d80bp+1,0x1.fc426c4665cbcp+2,898,898,,,
2955,site,0x1.793dc4f197d02p+1,0x1.fb731024231f2p+2,899,899,,,
2956,site,0x1.a2d26ce4d7ba7p+1,0x1.fa3bfcc0b1394p+2,900,900,,,
2957,site,0x1.c127c1772232cp+1,0x1.fa2eb4eedb075p+2,901,901,,,
2958,site,0x1.dccd0aadc80ccp+1,0x1.fa63d814e3fa3p+2,902,902,,,
2959,site,0x1.0699e4d73ff92p+2,0x1.f97adbb0f7f5cp+2,903,903,,,
2960,site,0x1.1fccdb5b12004p+2,0x1.f9b12e9f35fa3p+2,904,904,,,
2961,site,0x1.35abe26cfba51p+2,0x1.fb266e3b2f1c3p+2,905,905,,,
2962,site,0x1.5b4f9120abc8bp+2,0x1.faa63795e5909p+2,906,906,,,
2963,site,0x1.6715b6f16e8ccp+2,0x1.fc06621c24ebdp+2,907,907,,,
2964,site,0x1.8c4eb1483f0b4p+2,0x1.f94565e9b4051p+2,908,908,,,
2965,site,0x1.a29f8decb6036p+2,0x1.f9fe7ad97c640p+2,909,909,,,
2966,site,0x1.c63393fbd18aap+2,0x1.faa3ae299de3ep+2,910,910,,,
2967,site,0x1.d1b01d3ead557p+2,0x1.fafe66f7523f9p+2,911,911,,,
2968,site,0x1.f0bf7a5c4ae15p+2,0x1.fbe421f1fc099p+2,912,912,,,
2969,site,0x1.0bb322c1e8991p+3,0x1.fb19164c69efap+2,913,913,,,
2970,site,0x1.1b4cdafc52d49p+3,0x1.fab1bb688676cp+2,914,914,,,
2971,site,0x1.2943347fd06b1p+3,0x1.f95f4f2997216p+2,915,915,,,
2972,site,0x1.3ad02990bc5acp+3,0x1.fa367f307966dp+2,916,916,,,
2973,site,0x1.5085ce85eac58p+3,0x1.fb8a8881d165bp+2,917,917,,,
2974,site,0x1.5e20b3f87a61dp+3,0x1.fae7a7a9f3463p+2,918,918,,,
2975,site,0x1.788687edf7078p+3,0x1.fa825d6c1c4a1p+2,919,919,,,
2976,site,0x1.908e8f87a4b8fp-10,0x1.fdc2492555a26p+2,920,920,,,
2977,site,0x1.0919c73c74086p-6,0x1.fd7374b09fdadp+2,921,921,,,
2978,site,0x1.27e07c1433734p-5,0x1.fe6ce7a8bb232p+2,922,922,,,
2979,site,0x1.880efaec9498dp-4,0x1.fdeeca9a1e369p+2,923,923,,,
2980,site,0x1.0a3e18a1986ffp-3,0x1.fe2ec578118a8p+2,924,924,,,
2981,site,0x1.b6e69e0168db9p-3,0x1.fdceddcb60535p+2,925,925,,,
2982,site,0x1.24237eb43e94ap-2,0x1.feb59ee69ecffp+2,926,926,,,
2983,site,0x1.9e30bed488386p-2,0x1.fd62bc369fc51p+2,927,927,,,
2984,site,0x1.1700e39a6090dp-1,0x1.fee6970a759ffp+2,928,928,,,
2985,site,0x1.543f14a41ca68p-1,0x1.fef3bd15372dfp+2,929,929,,,
2986,site,0x1.bc313d7dcd111p-1,0x1.fea4548703c52p+2,930,930,,,
2987,site,0x1.02528972452aep+0,0x1.fd456eae79229p+2,931,931,,,
2988,site,0x1.3ed96285b09f7p+0,0x1.fef04e55cbfc5p+2,932,932,,,
2989,site,0x1.6f6e44f36b16ap+0,0x1.fe574fe1a8764p+2,933,933,,,
2990,site,0x1.8b7081cd7a26bp+0,0x1.fddc75812f1c1p+2,934,934,,,
2991,site,0x1.d18590a703ae6p+0,0x1.fe9c16d64e8afp+2,935,935,,,
2992,site,0x1.ffc55ac0ca6bbp+0,0x1.febe955d7cba1p+2,936,936,,,
2993,site,0x1.2e71915542c10p+1,0x1.fdf5afa00fd65p+2,937,937,,,
2994,site,0x1.4e9b4e92542e7p+1,0x1.fd7a1253e23ddp+2,938,938,,,
2995,site,0x1.73adae90d10c6p+1,0x1.fdd2badb2edf9p+2,939,939,,,
2996,site,0x1.99c92aed77abfp+1,0x1.fecc4fdc4672dp+2,940,940,,,
2997,site,0x1.b2176749df786p+1,0x1.fd135032a2e68p+2,941,941,,,
2998,site,0x1.e9d2aefd11d98p+1,0x1.fe853a2721e7dp+2,942,942,,,
2999,site,0x1.0afef2d40174cp+2,0x1.fe0d752ef0720p+2,943,943,,,
3000,site,0x1.1c86996efc290p+2,0x1.fde3354988356p+2,944,944,,,
3001,site,0x1.37ce4931709a2p+2,0x1.ff01c04f86051p+2,945,945,,,
3002,site,0x1.4991afb4a4445p+2,0x1.fd6b1b176c69dp+2,946,946,,,
3003,site,0x1.6fbafa969b863p+2,0x1.fdd6234fde6e7p+2,947,947,,,
3004,site,0x1.8bf0a9b091120p+2,0x1.fe1cfc61b0a2ep+2,948,948,,,
3005,site,0x1.9d018fdc711a5p+2,0x1.fedde3db455dbp+2,949,949,,,
3006,site,0x1.c4c8b8e3abaf6p+2,0x1.fee0b34b4acc1p+2,950,950,,,
3007,site,0x1.e69a346e9fca8p+2,0x1.fee7813d2afd6p+2,951,951,,,
3008,site,0x1.feacbda598878p+2,0x1.fe9614f4e1501p+2,952,952,,,
3009,site,0x1.0cb96fb691774p+3,0x1.fd575599df9a9p+2,953,953,,,
3010,site,0x1.18080de93d6cbp+3,0x1.fed7d2b378fa9p+2,954,954,,,
3011,site,0x1.3279fcd60c685p+3,0x1.fdd2c0920bab2p+2,955,955,,,
3012,site,0x1.3ef6dff88e17ap+3,0x1.fe6b689d5bc02p+2,956,956,,,
3013,site,0x1.4da033cf2c383p+3,0x1.fe6dc33ffe2e5p+2,957,957,,,
3014,site,0x1.5e293f43e2813p+3,0x1.febe6205b87e2p+2,958,958,,,
3015,site,0x1.764bc22a3ae13p+3,0x1.fe4b2fa88c80fp+2,959,959,,,
3016,site,0x1.1bd89c90a5764p-9,0x1.ffedd9b52b0b1p+2,960,960,,,
3017,site,0x1.15454995351afp-6,0x1.ffd703373369dp+2,961,961,,,
3018,site,0x1.e3a05d5e15403p-5,0x1.ffb68b090b7dcp+2,962,962,,,
3019,site,0x1.a59032a76523dp-4,0x1.ffbe972ccb102p+2,963,963,,,
3020,site,0x1.44c874ba8a9a3p-3,0x1.fff43e65603cep+2,964,964,,,
3021,site,0x1.a80441c42607dp-3,0x1.ffca45aa82e6dp+2,965,965,,,
3022,site,0x1.690d66a3baca3p-2,0x1.ffec549d5817ap+2,966,966,,,
3023,site,0x1.d8e7111188719p-2,0x1.ff609e5e6f182p+2,967,967,,,
3024,site,0x1.2859ff7027802p-1,0x1.ff76e5cba8032p+2,968,968,,,
3025,site,0x1.643ed89506056p-1,0x1.ff7441ceb2b91p+2,969,969,,,
3026,site,0x1.b8483969370afp-1,0x1.ffc80803033c9p+2,970,970,,,
3027,site,0x1.053e1176dfe17p+0,0x1.ff98275f9f70ep+2,971,971,,,
3028,site,0x1.347aea3031a7dp+0,0x1.ffa35f27e2dfbp+2,972,972,,,
3029,site,0x1.6cdf2262b89a3p+0,0x1.ffe46d524fdf7p+2,973,973,,,
3030,site,0x1.7e80d7553b5d0p+0,0x1.ffe097d4fbb6fp+2,974,974,,,
3031,site,0x1.d08c228f3100cp+0,0x1.ffe6c60c7f8abp+2,975,975,,,
3032,site,0x1.0e264fe084e1ep+1,0x1.fff7e63960745p+2,976,976,,,
3033,site,0x1.20cc95428eb17p+1,0x1.fff650b4ad6f7p+2,977,977,,,
3034,site,0x1.4f9b3ba733a5ep+1,0x1.ffb7b8f8a99dep+2,978,978,,,
3035,site,0x1.7696cf2b87b82p+1,0x1.ff74c158536b6p+2,979,979,,,
3036,site,0x1.856fc5af880a1p+1,0x1.ffaa22e095266p+2,980,980,,,
3037,site,0x1.b446382c6982ep+1,0x1.ff7229d40d9f7p+2,981,981,,,
3038,site,0x1.e2a24384e6579p+1,0x1.ffe2630df2db9p+2,982,982,,,
3039,site,0x1.0fe14501fe58fp+2,0x1.ffa61cbc4f17ap+2,983,983,,,
3040,site,0x1.17e17f5027409p+2,0x1.fff2b1c057360p+2,984,984,,,
3041,site,0x1.3768edc1d3b2bp+2,0x1.fff63e8692a49p+2,985,985,,,
3042,site,0x1.4e61f444c21c7p+2,0x1.fffae4d0a6a77p+2,986,986,,,
3043,site,0x1.759f828ef0b4fp+2,0x1.ff58432606852p+2,987,987,,,
3044,site,0x1.884ef9a853dc3p+2,0x1.ff755ac29962ap+2,988,988,,,
3045,site,0x1.99862c7fc2a52p+2,0x1.ffdff06290dfap+2,989,989,,,
3046,site,0x1.bce13dbcab00fp+2,0x1.ffda6f4ef2b38p+2,990,990,,,
3047,site,0x1.de78f2ec05cc0p+2,0x1.ff7f4eb8ae671p+2,991,991,,,
3048,site,0x1.f8f98ca0cc246p+2,0x1.ff780e5862977p+2,992,992,,,
3049,site,0x1.0b13b93e6489cp+3,0x1.ffea4ab90dc93p+2,993,993,,,
3050,site,0x1.18d6eea5c0324p+3,0x1.ffb99bfd54d18p+2,994,994,,,
3051,site,0x1.2af3f2234b995p+3,0x1.fff40415e7ed0p+2,995,995,,,
3052,site,0x1.3a2b0d5d62eebp+3,0x1.ffc423b91ab4ap+2,996,996,,,
3053,site,0x1.56a6579bd94fep+3,0x1.ffc776acc4cc6p+2,997,997,,,
3054,site,0x1.60ad20b7742bap+3,0x1.fff3f7d06f65dp+2,998,998,,,
3055,site,0x1.7a32d9141d0b2p+3,0x1.ffd8331454d28p+2,999,999,,,
3056,exact_bisector,0x1.68d635b7bdedap-1,0x1.35376b4f7e9a3p-2,9,10,,,
3057,exact_bisector,0x1.cd8f7c2372bdfp+1,0x1.de651ff68519dp-2,21,22,,,
3058,exact_bisector,0x1.14ebd13c1eba3p+2,0x1.cd265439106f5p-2,23,24,,,
3059,exact_bisector,0x1.8786d80a8e339p+2,0x1.05cb29d1fa389p-1,28,68,,,
3060,exact_bisector,0x1.4ecd74cbf047ap+3,0x1.c89f018007cebp-2,36,37,,,
3061,exact_bisector,0x1.4494b65839132p+3,0x1.7283bba285f05p-1,36,76,,,
3062,exact_bisector,0x1.292422d734c8ap-2,0x1.b9b091088bcc7p-1,45,46,,,
3063,exact_bisector,0x1.2016e3c52237cp-1,0x1.8f9963161d5a1p-1,48,49,,,
3064,exact_bisector,0x1.70dd713fc497dp-1,0x1.fc399dc602f1ap-1,49,50,,,
3065,exact_bisector,0x1.1ae823a75047ap+0,0x1.d93712fa8f69fp-1,51,52,,,
3066,exact_bisector,0x1.e356794948f31p+0,0x1.916d6dd2c6f72p-1,55,56,,,
3067,exact_bisector,0x1.37e3e7f7a8e0cp+1,0x1.e72920977b353p-1,57,58,,,
3068,exact_bisector,0x1.51b8855cfd412p+1,0x1.f27a7fc21c0bcp-1,58,59,,,
3069,exact_bisector,0x1.d1dea757a824fp+1,0x1.12d7a13dda442p+0,61,62,,,
3070,exact_bisector,0x1.1a442fca1c200p+2,0x1.d787de26c2b54p-1,63,64,,,
3071,exact_bisector,0x1.2b9bf8bdb2c49p+2,0x1.aed60a3c7139cp-1,64,65,,,
3072,exact_bisector,0x1.278f04160d6e5p+2,0x1.2247dfe8a597ap+0,64,104,,,
3073,exact_bisector,0x1.e4491b3a50c2cp+2,0x1.6b3e8bdd33c73p+0,71,111,,,
3074,exact_bisector,0x1.11bfd11ea9dddp+3,0x1.e40c3d6361d86p-1,73,74,,,
3075,exact_bisector,0x1.3a3399e76fb55p+3,0x1.e10d6897ec0e4p-1,75,76,,,
3076,exact_bisector,0x1.5c20365c8c4e9p+3,0x1.b2e95d9f93eb7p-1,77,78,,,
3077,exact_bisector,0x1.69bfeb557c7abp+3,0x1.aef7badab7420p-1,78,79,,,
3078,exact_bisector,0x1.d4973f1cf37e3p-2,0x1.5f65bd302570fp+0,87,88,,,
3079,exact_bisector,0x1.1314c17e384a8p+0,0x1.7f1cf0a31c29cp+0,91,92,,,
3080,exact_bisector,0x1.79064b8a0c2c7p+1,0x1.a0590917d26a8p+0,99,100,,,
3081,exact_bisector,0x1.9c6e81a478a83p+1,0x1.9506a1de9a41dp+0,100,101,,,
3082,exact_bisector,0x1.92fe08388102ap+1,0x1.bbaa3726a5566p+0,100,140,,,
3083,exact_bisector,0x1.c946e76a9abacp+1,0x1.a7062c73d0108p+0,101,102,,,
3084,exact_bisector,0x1.f7234a2dcfd88p+1,0x1.9612416b4cf69p+0,102,103,,,
3085,exact_bisector,0x1.30654171bf43cp+2,0x1.518b59c6ffff0p+0,104,105,,,
3086,exact_bisector,0x1.65051fe83eaa9p+2,0x1.7172f453dd761p+0,106,107,,,
3087,exact_bisector,0x1.81e075f427763p+2,0x1.b45242023f217p+0,108,148,,,
3088,outside,-0x0.0000000000001p-1022,0x1.0000000000000p+2,,,,,
3089,outside,0x1.8000000000001p+3,0x1.0000000000000p+2,,,,,
3090,outside,0x1.8000000000000p+2,-0x0.0000000000001p-1022,,,,,
3091,outside,0x1.8000000000000p+2,0x1.0000000000001p+3,,,,,
3092,outside,-0x0.0000000000001p-1022,-0x0.0000000000001p-1022,,,,,
3093,outside,0x1.8000000000001p+3,0x1.0000000000001p+3,,,,,
3094,outside,-0x1.0000000000000p+0,0x1.0000000000000p+2,,,,,
3095,outside,0x1.a000000000000p+3,0x1.0000000000000p+2,,,,,
3096,nonfinite,nan,0x0.0p+0,,,,,
3097,nonfinite,inf,0x0.0p+0,,,,,
3098,nonfinite,-inf,0x0.0p+0,,,,,
3099,nonfinite,0x0.0p+0,nan,,,,,
3100,nonfinite,0x0.0p+0,inf,,,,,
3101,nonfinite,0x0.0p+0,-inf,,,,,
